week_date,region,platform,segment,customer_type,transactions,sales
31-08-2020,ASIA,Retail,C3,New,120631,3656163
31-08-2020,ASIA,Retail,F1,New,31574,996575
31-08-2020,USA,Retail,null,Guest,529151,16509610
31-08-2020,EUROPE,Retail,C1,New,4517,141942
31-08-2020,AFRICA,Retail,C2,New,58046,1758388
31-08-2020,CANADA,Shopify,F2,Existing,1336,243878
31-08-2020,AFRICA,Shopify,F3,Existing,2514,519502
31-08-2020,ASIA,Shopify,F1,Existing,2158,371417
31-08-2020,AFRICA,Shopify,F2,New,318,49557
31-08-2020,AFRICA,Retail,C3,New,111032,3888162
31-08-2020,USA,Shopify,F1,Existing,1398,260773
31-08-2020,OCEANIA,Shopify,C2,Existing,4661,882690
31-08-2020,SOUTH AMERICA,Retail,C2,Existing,1029,38762
31-08-2020,SOUTH AMERICA,Shopify,C4,New,6,917
31-08-2020,EUROPE,Shopify,F3,Existing,115,35215
31-08-2020,OCEANIA,Retail,F3,Existing,551905,30371770
31-08-2020,ASIA,Shopify,C3,Existing,1969,374327
31-08-2020,AFRICA,Retail,F1,Existing,97604,5185233
31-08-2020,OCEANIA,Retail,C2,New,111219,2980673
31-08-2020,USA,Retail,F1,New,11820,463738
31-08-2020,SOUTH AMERICA,Retail,F3,Existing,1363,65730
31-08-2020,AFRICA,Retail,C3,Existing,284971,14430196
31-08-2020,ASIA,Retail,F2,New,70496,2176980
31-08-2020,AFRICA,Shopify,F1,Existing,2678,478756
31-08-2020,USA,Shopify,C4,New,22,3319
31-08-2020,CANADA,Retail,F3,Existing,94274,5306746
31-08-2020,ASIA,Retail,F1,Existing,94287,4511841
31-08-2020,EUROPE,Retail,null,New,3064,134249
31-08-2020,EUROPE,Shopify,F1,New,7,1579
31-08-2020,SOUTH AMERICA,Retail,C4,New,329,11451
31-08-2020,SOUTH AMERICA,Retail,F1,Existing,854,31589
31-08-2020,EUROPE,Shopify,C2,Existing,180,53567
31-08-2020,EUROPE,Shopify,F2,New,15,4023
31-08-2020,AFRICA,Retail,C2,Existing,112361,4768214
31-08-2020,ASIA,Shopify,C2,Existing,2269,396909
31-08-2020,AFRICA,Shopify,C4,New,58,8562
31-08-2020,USA,Retail,F3,Existing,142898,8723663
31-08-2020,OCEANIA,Shopify,C3,Existing,4703,957939
31-08-2020,SOUTH AMERICA,Shopify,null,New,40,7625
31-08-2020,USA,Shopify,C1,New,164,20635
31-08-2020,SOUTH AMERICA,Shopify,C1,New,20,2265
31-08-2020,EUROPE,Retail,C1,Existing,14583,633917
31-08-2020,OCEANIA,Shopify,F2,New,452,72293
31-08-2020,SOUTH AMERICA,Retail,F2,New,382,13839
31-08-2020,SOUTH AMERICA,Retail,C3,Existing,1503,68009
31-08-2020,CANADA,Retail,F1,New,7033,269176
31-08-2020,SOUTH AMERICA,Retail,null,Existing,329,10874
31-08-2020,CANADA,Retail,F1,Existing,24153,1306932
31-08-2020,EUROPE,Shopify,null,Existing,15,3507
31-08-2020,EUROPE,Retail,F3,Existing,18676,1144376
31-08-2020,SOUTH AMERICA,Shopify,C3,New,19,3325
31-08-2020,CANADA,Shopify,null,Existing,87,15074
31-08-2020,CANADA,Retail,C4,Existing,29577,1473178
31-08-2020,OCEANIA,Retail,F1,New,41631,1369115
31-08-2020,ASIA,Retail,F3,Existing,402652,20255591
31-08-2020,ASIA,Retail,null,Guest,1936351,48773122
31-08-2020,ASIA,Shopify,C2,New,413,55780
31-08-2020,EUROPE,Shopify,F3,New,4,554
31-08-2020,USA,Retail,C2,Existing,43493,2126153
31-08-2020,OCEANIA,Retail,C2,Existing,169157,6603287
31-08-2020,AFRICA,Shopify,null,Guest,5893,1026838
31-08-2020,ASIA,Retail,C3,Existing,245151,11086427
31-08-2020,CANADA,Shopify,C4,Existing,119,19049
31-08-2020,ASIA,Shopify,F2,Existing,2983,564306
31-08-2020,SOUTH AMERICA,Shopify,F3,Existing,32,7331
31-08-2020,USA,Retail,F1,Existing,40076,2272687
31-08-2020,SOUTH AMERICA,Shopify,C4,Existing,7,1562
31-08-2020,CANADA,Shopify,null,New,88,12836
31-08-2020,AFRICA,Retail,C4,New,46545,1548637
31-08-2020,USA,Shopify,C2,New,228,45518
31-08-2020,SOUTH AMERICA,Retail,C3,New,1045,37786
31-08-2020,ASIA,Shopify,C4,Existing,279,48624
31-08-2020,ASIA,Retail,null,New,66042,2156778
31-08-2020,AFRICA,Retail,C4,Existing,117018,5941067
31-08-2020,EUROPE,Retail,F1,Existing,6769,395877
31-08-2020,AFRICA,Retail,F3,Existing,403810,22712143
31-08-2020,SOUTH AMERICA,Shopify,F1,Existing,74,16149
31-08-2020,CANADA,Retail,F2,Existing,61517,3322211
31-08-2020,EUROPE,Retail,F3,New,1655,66422
31-08-2020,AFRICA,Shopify,F1,New,201,27184
31-08-2020,ASIA,Shopify,null,Guest,5794,979807
31-08-2020,AFRICA,Retail,F1,New,23416,833470
31-08-2020,OCEANIA,Retail,F1,Existing,144056,7178808
31-08-2020,OCEANIA,Retail,C4,Existing,151673,7422165
31-08-2020,CANADA,Shopify,C1,Existing,585,91616
31-08-2020,CANADA,Retail,F2,New,18180,661362
31-08-2020,CANADA,Retail,C1,New,30402,786613
31-08-2020,SOUTH AMERICA,Shopify,C1,Existing,69,11755
31-08-2020,USA,Retail,C2,New,26620,883573
31-08-2020,AFRICA,Retail,null,New,58165,2232935
31-08-2020,CANADA,Shopify,C1,New,97,12438
31-08-2020,SOUTH AMERICA,Shopify,F2,Existing,37,8473
31-08-2020,EUROPE,Retail,C2,New,2857,104677
31-08-2020,OCEANIA,Retail,C4,New,65594,2016930
31-08-2020,EUROPE,Retail,C2,Existing,9710,461694
31-08-2020,EUROPE,Shopify,C4,New,3,1221
31-08-2020,OCEANIA,Shopify,C3,New,567,95547
31-08-2020,USA,Retail,C1,New,36069,990085
31-08-2020,ASIA,Retail,F2,Existing,220712,10624187
31-08-2020,OCEANIA,Shopify,null,Guest,11218,2078649
31-08-2020,USA,Shopify,C3,New,205,33536
31-08-2020,AFRICA,Shopify,C1,New,299,35957
31-08-2020,EUROPE,Retail,F1,New,953,40760
31-08-2020,SOUTH AMERICA,Shopify,C2,New,45,8917
31-08-2020,CANADA,Shopify,C3,Existing,846,154393
31-08-2020,USA,Retail,C1,Existing,57648,2393490
31-08-2020,EUROPE,Shopify,C1,New,21,3288
31-08-2020,SOUTH AMERICA,Shopify,F2,New,9,1437
31-08-2020,OCEANIA,Shopify,F3,New,190,30264
31-08-2020,AFRICA,Shopify,C3,Existing,2647,530397
31-08-2020,CANADA,Shopify,C4,New,21,2494
31-08-2020,OCEANIA,Retail,F2,New,91435,3101538
31-08-2020,EUROPE,Retail,C3,New,3843,158799
31-08-2020,USA,Retail,F3,New,28987,1096531
31-08-2020,ASIA,Shopify,F2,New,245,35519
31-08-2020,OCEANIA,Retail,C3,Existing,339633,16520774
31-08-2020,EUROPE,Shopify,C3,Existing,182,45036
31-08-2020,CANADA,Shopify,F3,Existing,659,126801
31-08-2020,AFRICA,Shopify,C3,New,340,56734
31-08-2020,ASIA,Retail,C1,Existing,187781,6218547
31-08-2020,OCEANIA,Shopify,F2,Existing,6870,1373529
31-08-2020,OCEANIA,Retail,C1,New,172521,3964262
31-08-2020,CANADA,Shopify,C2,New,105,14694
31-08-2020,CANADA,Retail,F3,New,19524,690966
31-08-2020,ASIA,Retail,C4,New,53286,1520060
31-08-2020,SOUTH AMERICA,Retail,C1,New,2466,52421
31-08-2020,EUROPE,Retail,null,Guest,97001,3352338
31-08-2020,CANADA,Shopify,F3,New,36,6107
31-08-2020,USA,Shopify,F2,Existing,2031,402380
31-08-2020,AFRICA,Retail,F2,Existing,277600,14910405
31-08-2020,USA,Shopify,F2,New,157,25858
31-08-2020,EUROPE,Shopify,null,New,20,4085
31-08-2020,OCEANIA,Shopify,C1,Existing,2801,481198
31-08-2020,CANADA,Retail,null,Guest,396145,11133538
31-08-2020,USA,Retail,F2,New,28592,1063716
31-08-2020,CANADA,Retail,C2,Existing,23062,1001335
31-08-2020,OCEANIA,Retail,null,Guest,2437738,63989387
31-08-2020,EUROPE,Shopify,null,Guest,343,79359
31-08-2020,OCEANIA,Shopify,F3,Existing,3920,836865
31-08-2020,ASIA,Shopify,null,Existing,384,67279
31-08-2020,SOUTH AMERICA,Retail,F3,New,329,11863
31-08-2020,EUROPE,Retail,F2,New,1738,72565
31-08-2020,OCEANIA,Retail,F3,New,110894,3749562
31-08-2020,USA,Shopify,null,Existing,196,40740
31-08-2020,USA,Retail,C3,Existing,102736,5786447
31-08-2020,EUROPE,Retail,C4,Existing,4652,250536
31-08-2020,OCEANIA,Retail,null,Existing,50786,2056315
31-08-2020,SOUTH AMERICA,Shopify,F3,New,3,372
31-08-2020,OCEANIA,Shopify,C4,Existing,731,136743
31-08-2020,CANADA,Shopify,C3,New,115,16103
31-08-2020,SOUTH AMERICA,Shopify,null,Guest,2172,407861
31-08-2020,USA,Shopify,F3,New,63,10501
31-08-2020,CANADA,Retail,C4,New,13579,451994
31-08-2020,USA,Shopify,C4,Existing,164,29757
31-08-2020,CANADA,Shopify,C2,Existing,726,125653
31-08-2020,ASIA,Shopify,C3,New,247,35572
31-08-2020,ASIA,Shopify,C1,New,277,35314
31-08-2020,OCEANIA,Shopify,null,New,507,83877
31-08-2020,ASIA,Retail,C1,New,132545,2819145
31-08-2020,ASIA,Retail,F3,New,89785,2770220
31-08-2020,USA,Shopify,F3,Existing,1083,224778
31-08-2020,ASIA,Shopify,C1,Existing,1282,210754
31-08-2020,AFRICA,Shopify,null,New,300,51883
31-08-2020,OCEANIA,Shopify,C4,New,100,15077
31-08-2020,SOUTH AMERICA,Retail,C4,Existing,414,18437
31-08-2020,SOUTH AMERICA,Shopify,null,Existing,3,472
31-08-2020,CANADA,Retail,null,Existing,8410,411147
31-08-2020,EUROPE,Shopify,F2,Existing,249,55333
31-08-2020,SOUTH AMERICA,Retail,C1,Existing,3087,85926
31-08-2020,AFRICA,Shopify,F3,New,122,20927
31-08-2020,AFRICA,Retail,null,Existing,37883,1657269
31-08-2020,ASIA,Shopify,C4,New,46,6147
31-08-2020,ASIA,Retail,C4,Existing,110176,4894437
31-08-2020,AFRICA,Retail,null,Guest,1547309,44346247
31-08-2020,OCEANIA,Shopify,F1,Existing,4498,839437
31-08-2020,CANADA,Shopify,F1,Existing,789,134990
31-08-2020,SOUTH AMERICA,Shopify,C3,Existing,109,23057
31-08-2020,EUROPE,Retail,C4,New,1352,49263
31-08-2020,ASIA,Retail,null,Existing,38663,1493771
31-08-2020,AFRICA,Shopify,C2,New,389,57455
31-08-2020,CANADA,Retail,null,New,14685,561282
31-08-2020,USA,Retail,null,New,22186,930478
31-08-2020,OCEANIA,Shopify,C2,New,842,132424
31-08-2020,USA,Shopify,F1,New,135,20860
31-08-2020,AFRICA,Retail,C1,Existing,186404,6891042
31-08-2020,AFRICA,Shopify,C1,Existing,1689,269373
31-08-2020,SOUTH AMERICA,Retail,null,Guest,413244,16755039
31-08-2020,ASIA,Shopify,F1,New,228,33200
31-08-2020,OCEANIA,Retail,C1,Existing,260181,9284850
31-08-2020,EUROPE,Retail,F2,Existing,14482,887564
31-08-2020,EUROPE,Shopify,C1,Existing,118,27732
31-08-2020,AFRICA,Retail,C1,New,97673,2423159
31-08-2020,ASIA,Shopify,F3,New,113,15927
31-08-2020,SOUTH AMERICA,Retail,null,New,1266,44500
31-08-2020,SOUTH AMERICA,Shopify,F1,New,6,623
31-08-2020,USA,Retail,C3,New,46838,1769576
31-08-2020,USA,Retail,C4,New,18774,665292
31-08-2020,USA,Retail,C4,Existing,40024,2186307
31-08-2020,USA,Shopify,C2,Existing,1420,277104
31-08-2020,ASIA,Retail,C2,New,87269,2234801
31-08-2020,USA,Shopify,null,New,154,25762
31-08-2020,USA,Shopify,C3,Existing,1501,312519
31-08-2020,EUROPE,Shopify,C4,Existing,22,4971
31-08-2020,CANADA,Retail,C3,Existing,62206,3227065
31-08-2020,CANADA,Shopify,null,Guest,1621,269863
31-08-2020,AFRICA,Retail,F2,New,65304,2291992
31-08-2020,EUROPE,Retail,null,Existing,3211,150741
31-08-2020,ASIA,Shopify,null,New,278,46931
31-08-2020,EUROPE,Shopify,F1,Existing,138,30015
31-08-2020,USA,Retail,F2,Existing,96079,5527494
31-08-2020,USA,Shopify,C1,Existing,739,128749
31-08-2020,SOUTH AMERICA,Retail,F2,Existing,1098,48912
31-08-2020,OCEANIA,Retail,null,New,83764,2829225
31-08-2020,EUROPE,Retail,C3,Existing,14816,815588
31-08-2020,AFRICA,Shopify,C2,Existing,2568,471837
31-08-2020,ASIA,Shopify,F3,Existing,1916,372983
31-08-2020,OCEANIA,Shopify,F1,New,333,48796
31-08-2020,SOUTH AMERICA,Retail,C2,New,906,25570
31-08-2020,USA,Retail,null,Existing,14146,694767
31-08-2020,OCEANIA,Shopify,null,Existing,621,121005
31-08-2020,AFRICA,Shopify,F2,Existing,4911,944157
31-08-2020,CANADA,Retail,C1,Existing,56256,2299419
31-08-2020,OCEANIA,Retail,F2,Existing,345420,18073554
31-08-2020,USA,Shopify,null,Guest,2647,479002
31-08-2020,CANADA,Retail,C2,New,14915,458589
31-08-2020,AFRICA,Shopify,C4,Existing,438,80612
31-08-2020,AFRICA,Retail,F3,New,69632,2472247
31-08-2020,OCEANIA,Shopify,C1,New,522,69079
31-08-2020,SOUTH AMERICA,Retail,F1,New,312,11256
31-08-2020,EUROPE,Shopify,C2,New,17,2340
31-08-2020,CANADA,Shopify,F1,New,61,8381
31-08-2020,OCEANIA,Retail,C3,New,153925,4929679
31-08-2020,ASIA,Retail,C2,Existing,129513,4917788
31-08-2020,EUROPE,Shopify,C3,New,12,1924
31-08-2020,AFRICA,Shopify,null,Existing,376,70596
31-08-2020,CANADA,Retail,C3,New,29338,1026555
31-08-2020,CANADA,Shopify,F2,New,98,14789
31-08-2020,SOUTH AMERICA,Shopify,C2,Existing,134,26393
24-08-2020,AFRICA,Retail,null,Guest,1548059,44081216
24-08-2020,USA,Shopify,F2,Existing,1898,397206
24-08-2020,AFRICA,Shopify,F1,Existing,2592,489706
24-08-2020,CANADA,Shopify,F2,Existing,1350,258395
24-08-2020,USA,Retail,F2,New,28566,1082176
24-08-2020,OCEANIA,Shopify,null,New,430,71730
24-08-2020,CANADA,Retail,C1,New,30970,809732
24-08-2020,USA,Shopify,C1,Existing,773,138404
24-08-2020,EUROPE,Retail,null,Existing,2986,136429
24-08-2020,CANADA,Retail,C4,Existing,29326,1464490
24-08-2020,EUROPE,Retail,null,Guest,98743,3383683
24-08-2020,CANADA,Retail,C4,New,13219,437390
24-08-2020,USA,Shopify,C4,Existing,167,32507
24-08-2020,SOUTH AMERICA,Shopify,C4,Existing,5,988
24-08-2020,SOUTH AMERICA,Shopify,C2,New,46,7823
24-08-2020,OCEANIA,Retail,C4,New,65546,2023506
24-08-2020,EUROPE,Retail,F1,New,932,40229
24-08-2020,SOUTH AMERICA,Shopify,F2,Existing,30,6585
24-08-2020,EUROPE,Shopify,F1,Existing,132,26362
24-08-2020,ASIA,Shopify,null,New,318,50284
24-08-2020,AFRICA,Retail,C3,Existing,287091,14534326
24-08-2020,SOUTH AMERICA,Retail,F2,Existing,1127,50201
24-08-2020,AFRICA,Retail,F3,New,69461,2470906
24-08-2020,CANADA,Retail,F2,New,18109,637913
24-08-2020,CANADA,Shopify,null,Existing,76,13605
24-08-2020,ASIA,Retail,C2,Existing,129144,4996901
24-08-2020,ASIA,Shopify,C4,New,40,6803
24-08-2020,EUROPE,Shopify,C3,New,14,3295
24-08-2020,OCEANIA,Shopify,F2,Existing,6502,1307272
24-08-2020,ASIA,Shopify,C1,New,269,35424
24-08-2020,OCEANIA,Shopify,C1,Existing,2673,471401
24-08-2020,USA,Shopify,C1,New,151,21917
24-08-2020,SOUTH AMERICA,Shopify,C1,New,16,2666
24-08-2020,SOUTH AMERICA,Retail,F2,New,446,17385
24-08-2020,USA,Retail,null,New,21594,919265
24-08-2020,AFRICA,Shopify,F2,Existing,4689,928412
24-08-2020,CANADA,Shopify,C4,Existing,89,16312
24-08-2020,EUROPE,Retail,F3,Existing,18657,1116468
24-08-2020,SOUTH AMERICA,Retail,C2,New,949,29642
24-08-2020,OCEANIA,Shopify,C2,New,762,126151
24-08-2020,OCEANIA,Retail,C2,Existing,169736,6645099
24-08-2020,USA,Retail,F1,Existing,40597,2371526
24-08-2020,OCEANIA,Shopify,C4,New,96,13461
24-08-2020,AFRICA,Shopify,C1,New,293,39564
24-08-2020,CANADA,Shopify,C2,Existing,695,120729
24-08-2020,AFRICA,Shopify,C1,Existing,1658,270496
24-08-2020,ASIA,Shopify,C3,New,301,45870
24-08-2020,CANADA,Shopify,null,New,84,13692
24-08-2020,AFRICA,Shopify,C4,New,62,10269
24-08-2020,SOUTH AMERICA,Shopify,null,Existing,5,760
24-08-2020,CANADA,Shopify,F3,New,27,3387
24-08-2020,ASIA,Shopify,F2,Existing,2947,567165
24-08-2020,ASIA,Retail,C3,Existing,244816,11196782
24-08-2020,USA,Shopify,null,Existing,154,34932
24-08-2020,OCEANIA,Shopify,C4,Existing,687,125849
24-08-2020,USA,Retail,C4,Existing,40986,2227688
24-08-2020,ASIA,Retail,C1,New,134550,3010765
24-08-2020,SOUTH AMERICA,Retail,F1,Existing,773,31067
24-08-2020,EUROPE,Shopify,C2,Existing,151,47032
24-08-2020,SOUTH AMERICA,Retail,null,Existing,314,9372
24-08-2020,OCEANIA,Retail,C4,Existing,152920,7470104
24-08-2020,USA,Shopify,C3,Existing,1420,310461
24-08-2020,EUROPE,Shopify,C4,Existing,20,6265
24-08-2020,AFRICA,Retail,C2,Existing,113188,4841694
24-08-2020,ASIA,Retail,C4,New,53411,1547953
24-08-2020,SOUTH AMERICA,Retail,C1,New,2393,52387
24-08-2020,USA,Shopify,C2,New,238,36620
24-08-2020,CANADA,Shopify,C1,Existing,555,89309
24-08-2020,EUROPE,Retail,C3,Existing,15076,813088
24-08-2020,SOUTH AMERICA,Shopify,null,New,38,7671
24-08-2020,SOUTH AMERICA,Retail,C1,Existing,3053,82693
24-08-2020,AFRICA,Shopify,C2,New,386,58239
24-08-2020,OCEANIA,Retail,F2,Existing,348114,18083790
24-08-2020,CANADA,Retail,F1,New,6852,266751
24-08-2020,EUROPE,Retail,F1,Existing,6739,378826
24-08-2020,ASIA,Retail,null,New,64558,2208090
24-08-2020,EUROPE,Retail,F2,New,1652,74178
24-08-2020,SOUTH AMERICA,Retail,F1,New,292,11098
24-08-2020,CANADA,Shopify,C3,Existing,799,152027
24-08-2020,EUROPE,Retail,C1,Existing,14862,625492
24-08-2020,AFRICA,Shopify,null,Existing,338,66080
24-08-2020,OCEANIA,Retail,C1,Existing,261672,9346295
24-08-2020,SOUTH AMERICA,Shopify,C3,New,17,2140
24-08-2020,CANADA,Shopify,F1,New,55,8698
24-08-2020,CANADA,Retail,F3,New,19493,680924
24-08-2020,USA,Retail,C4,New,18943,679544
24-08-2020,SOUTH AMERICA,Retail,C4,New,279,10733
24-08-2020,SOUTH AMERICA,Retail,null,New,1202,42883
24-08-2020,SOUTH AMERICA,Shopify,F1,New,7,1292
24-08-2020,SOUTH AMERICA,Shopify,F3,Existing,36,8036
24-08-2020,USA,Shopify,C4,New,28,4463
24-08-2020,EUROPE,Retail,F2,Existing,14483,840537
24-08-2020,USA,Retail,F3,New,29273,1096534
24-08-2020,EUROPE,Shopify,C1,Existing,96,20686
24-08-2020,OCEANIA,Shopify,null,Guest,10804,1931973
24-08-2020,USA,Retail,F2,Existing,96492,5452817
24-08-2020,USA,Shopify,null,New,128,20669
24-08-2020,USA,Retail,C1,Existing,58184,2456263
24-08-2020,EUROPE,Retail,C2,New,2918,106346
24-08-2020,SOUTH AMERICA,Shopify,F2,New,5,641
24-08-2020,AFRICA,Retail,F2,New,65760,2337007
24-08-2020,ASIA,Retail,F1,Existing,94451,4573475
24-08-2020,AFRICA,Retail,F2,Existing,279576,14854110
24-08-2020,CANADA,Retail,C2,Existing,23267,1015278
24-08-2020,AFRICA,Retail,C1,Existing,188391,6906988
24-08-2020,ASIA,Shopify,F2,New,239,34728
24-08-2020,ASIA,Retail,C3,New,121636,3741035
24-08-2020,ASIA,Retail,F3,New,90129,2819086
24-08-2020,CANADA,Retail,F2,Existing,61805,3241876
24-08-2020,EUROPE,Retail,F3,New,1735,71648
24-08-2020,ASIA,Shopify,C4,Existing,287,52221
24-08-2020,SOUTH AMERICA,Shopify,F3,New,4,809
24-08-2020,EUROPE,Shopify,null,New,14,3630
24-08-2020,CANADA,Retail,C1,Existing,56667,2280564
24-08-2020,OCEANIA,Shopify,null,Existing,563,115870
24-08-2020,AFRICA,Shopify,null,Guest,5776,1033296
24-08-2020,AFRICA,Shopify,C2,Existing,2603,500046
24-08-2020,EUROPE,Shopify,F3,Existing,113,29492
24-08-2020,CANADA,Shopify,C2,New,93,14157
24-08-2020,SOUTH AMERICA,Retail,F3,Existing,1330,64047
24-08-2020,USA,Shopify,C3,New,160,26524
24-08-2020,OCEANIA,Retail,null,Guest,2433987,64142815
24-08-2020,ASIA,Shopify,C1,Existing,1254,214075
24-08-2020,AFRICA,Shopify,null,New,311,54039
24-08-2020,OCEANIA,Retail,F1,Existing,146120,7374481
24-08-2020,AFRICA,Retail,C4,New,47161,1561210
24-08-2020,EUROPE,Retail,C2,Existing,9838,469133
24-08-2020,SOUTH AMERICA,Shopify,C1,Existing,67,11980
24-08-2020,OCEANIA,Retail,C3,Existing,343102,16616246
24-08-2020,EUROPE,Shopify,C3,Existing,159,43242
24-08-2020,ASIA,Retail,F2,Existing,220882,10645503
24-08-2020,AFRICA,Retail,F3,Existing,407927,22769738
24-08-2020,ASIA,Retail,F3,Existing,403795,20476242
24-08-2020,OCEANIA,Retail,F1,New,42198,1524244
24-08-2020,EUROPE,Shopify,F1,New,6,1407
24-08-2020,CANADA,Retail,C2,New,15253,528808
24-08-2020,AFRICA,Shopify,C3,New,315,53692
24-08-2020,OCEANIA,Shopify,F3,New,192,33223
24-08-2020,AFRICA,Shopify,C4,Existing,404,78136
24-08-2020,SOUTH AMERICA,Retail,null,Guest,405864,16290625
24-08-2020,USA,Retail,C2,New,27156,996924
24-08-2020,SOUTH AMERICA,Shopify,F1,Existing,64,13714
24-08-2020,OCEANIA,Retail,C1,New,176101,4182786
24-08-2020,EUROPE,Shopify,C1,New,14,2836
24-08-2020,ASIA,Shopify,C2,Existing,2297,413897
24-08-2020,USA,Shopify,F3,New,52,9137
24-08-2020,EUROPE,Retail,C3,New,3841,159543
24-08-2020,CANADA,Retail,F1,Existing,24088,1298505
24-08-2020,CANADA,Retail,null,Guest,394587,10941951
24-08-2020,USA,Shopify,F3,Existing,974,207813
24-08-2020,AFRICA,Retail,F1,Existing,98813,5239692
24-08-2020,OCEANIA,Retail,C2,New,112315,3330717
24-08-2020,USA,Retail,F1,New,12337,537132
24-08-2020,EUROPE,Shopify,C2,New,12,3280
24-08-2020,USA,Retail,C3,Existing,103120,5765461
24-08-2020,EUROPE,Retail,C4,Existing,4953,266237
24-08-2020,CANADA,Shopify,F3,Existing,650,131072
24-08-2020,CANADA,Shopify,C1,New,80,10467
24-08-2020,SOUTH AMERICA,Shopify,C2,Existing,124,25194
24-08-2020,USA,Retail,C3,New,47022,1797843
24-08-2020,SOUTH AMERICA,Retail,C3,New,952,38345
24-08-2020,ASIA,Retail,C1,Existing,188753,6315069
24-08-2020,EUROPE,Retail,null,New,2962,129020
24-08-2020,AFRICA,Retail,C2,New,58705,1860988
24-08-2020,AFRICA,Shopify,F3,Existing,2331,486331
24-08-2020,ASIA,Shopify,F1,New,208,28542
24-08-2020,SOUTH AMERICA,Shopify,C3,Existing,91,18712
24-08-2020,OCEANIA,Retail,C3,New,155586,5133194
24-08-2020,ASIA,Retail,C2,New,87964,2462103
24-08-2020,EUROPE,Retail,C4,New,1374,50412
24-08-2020,USA,Retail,C1,New,37271,1064389
24-08-2020,USA,Retail,null,Existing,13157,697708
24-08-2020,AFRICA,Retail,C3,New,111964,3967870
24-08-2020,ASIA,Retail,F1,New,31513,1032953
24-08-2020,OCEANIA,Shopify,C2,Existing,4527,863537
24-08-2020,USA,Shopify,F1,Existing,1334,258305
24-08-2020,EUROPE,Retail,C1,New,4520,135256
24-08-2020,CANADA,Shopify,C3,New,106,16974
24-08-2020,OCEANIA,Retail,null,Existing,45824,1869997
24-08-2020,ASIA,Shopify,null,Guest,5867,976399
24-08-2020,EUROPE,Shopify,F2,Existing,216,47335
24-08-2020,CANADA,Retail,null,Existing,7536,360482
24-08-2020,CANADA,Shopify,F1,Existing,769,133782
24-08-2020,OCEANIA,Shopify,C3,New,536,86927
24-08-2020,ASIA,Shopify,F3,New,115,17670
24-08-2020,SOUTH AMERICA,Retail,C2,Existing,987,38556
24-08-2020,SOUTH AMERICA,Shopify,C4,New,4,486
24-08-2020,ASIA,Retail,null,Guest,1912461,48873892
24-08-2020,OCEANIA,Retail,F2,New,92755,3192813
24-08-2020,OCEANIA,Shopify,F2,New,413,64341
24-08-2020,USA,Shopify,F1,New,130,20685
24-08-2020,USA,Retail,null,Guest,527116,16395314
24-08-2020,ASIA,Shopify,F3,Existing,1879,387214
24-08-2020,OCEANIA,Shopify,F1,New,365,55996
24-08-2020,OCEANIA,Shopify,F1,Existing,4361,836190
24-08-2020,EUROPE,Shopify,null,Guest,370,89676
24-08-2020,CANADA,Retail,C3,Existing,62514,3154333
24-08-2020,CANADA,Shopify,null,Guest,1697,288470
24-08-2020,OCEANIA,Shopify,F3,Existing,3720,777026
24-08-2020,AFRICA,Retail,C1,New,99449,2478289
24-08-2020,ASIA,Shopify,null,Existing,375,70227
24-08-2020,CANADA,Retail,F3,Existing,94749,5212768
24-08-2020,USA,Shopify,C2,Existing,1367,267523
24-08-2020,ASIA,Shopify,C3,Existing,2056,408353
24-08-2020,OCEANIA,Shopify,C1,New,478,67176
24-08-2020,SOUTH AMERICA,Retail,C3,Existing,1355,64705
24-08-2020,EUROPE,Shopify,F2,New,4,679
24-08-2020,OCEANIA,Shopify,C3,Existing,4465,914171
24-08-2020,AFRICA,Shopify,F1,New,190,29672
24-08-2020,SOUTH AMERICA,Retail,C4,Existing,363,17632
24-08-2020,AFRICA,Retail,F1,New,23414,885333
24-08-2020,CANADA,Shopify,C4,New,14,1685
24-08-2020,SOUTH AMERICA,Shopify,null,Guest,2035,386494
24-08-2020,OCEANIA,Retail,F3,New,112414,3787305
24-08-2020,EUROPE,Shopify,F3,New,2,318
24-08-2020,ASIA,Retail,C4,Existing,110173,4928018
24-08-2020,USA,Retail,F3,Existing,143829,8667351
24-08-2020,SOUTH AMERICA,Retail,F3,New,325,11312
24-08-2020,CANADA,Shopify,F2,New,104,17346
24-08-2020,AFRICA,Shopify,F3,New,120,18969
24-08-2020,AFRICA,Retail,C4,Existing,118980,6032018
24-08-2020,USA,Shopify,null,Guest,2535,457814
24-08-2020,EUROPE,Shopify,null,Existing,16,4271
24-08-2020,CANADA,Retail,C3,New,29000,1015962
24-08-2020,USA,Retail,C2,Existing,43328,2165779
24-08-2020,CANADA,Retail,null,New,14408,557640
24-08-2020,ASIA,Shopify,C2,New,446,60937
24-08-2020,OCEANIA,Retail,null,New,81630,2814143
24-08-2020,AFRICA,Retail,null,Existing,34476,1488390
24-08-2020,OCEANIA,Retail,F3,Existing,556915,30166464
24-08-2020,ASIA,Retail,null,Existing,35097,1414999
24-08-2020,AFRICA,Shopify,C3,Existing,2677,546690
24-08-2020,ASIA,Retail,F2,New,70410,2267164
24-08-2020,ASIA,Shopify,F1,Existing,2149,383717
24-08-2020,AFRICA,Shopify,F2,New,265,41345
24-08-2020,AFRICA,Retail,null,New,56867,2211329
24-08-2020,USA,Shopify,F2,New,147,24784
17-08-2020,AFRICA,Retail,C2,New,58185,1773019
17-08-2020,USA,Retail,null,Guest,522222,16139861
17-08-2020,EUROPE,Shopify,F3,New,2,199
17-08-2020,AFRICA,Retail,C3,New,110560,3828901
17-08-2020,SOUTH AMERICA,Retail,C2,Existing,1057,40596
17-08-2020,USA,Shopify,C4,New,25,4001
17-08-2020,EUROPE,Retail,C3,New,3943,166106
17-08-2020,CANADA,Retail,null,Guest,394129,10905332
17-08-2020,ASIA,Retail,F3,New,86288,2644212
17-08-2020,EUROPE,Shopify,F3,Existing,125,32059
17-08-2020,ASIA,Shopify,C3,Existing,2023,398543
17-08-2020,OCEANIA,Shopify,C2,Existing,4440,835663
17-08-2020,USA,Shopify,F1,Existing,1318,244502
17-08-2020,AFRICA,Shopify,F3,Existing,2391,486614
17-08-2020,OCEANIA,Shopify,C4,New,100,13673
17-08-2020,EUROPE,Shopify,C2,Existing,160,50681
17-08-2020,OCEANIA,Shopify,F1,Existing,4324,800804
17-08-2020,EUROPE,Shopify,F2,New,8,1412
17-08-2020,SOUTH AMERICA,Shopify,null,New,47,8678
17-08-2020,SOUTH AMERICA,Retail,C4,New,257,9779
17-08-2020,USA,Shopify,F2,New,146,22610
17-08-2020,CANADA,Retail,F2,New,17290,596390
17-08-2020,SOUTH AMERICA,Shopify,F2,Existing,38,7745
17-08-2020,OCEANIA,Retail,F3,Existing,547839,29942596
17-08-2020,ASIA,Retail,null,Existing,31425,1266247
17-08-2020,AFRICA,Retail,F1,Existing,97251,5073372
17-08-2020,ASIA,Retail,C3,Existing,241748,10896424
17-08-2020,AFRICA,Shopify,C2,Existing,2472,466859
17-08-2020,ASIA,Retail,F1,New,29713,916054
17-08-2020,ASIA,Retail,F2,New,67417,2037182
17-08-2020,USA,Shopify,F2,Existing,1913,373940
17-08-2020,OCEANIA,Shopify,F2,New,393,65504
17-08-2020,AFRICA,Retail,F3,Existing,406435,22773234
17-08-2020,OCEANIA,Shopify,C3,Existing,4507,913223
17-08-2020,USA,Retail,F2,New,27467,983842
17-08-2020,SOUTH AMERICA,Retail,F2,New,408,14221
17-08-2020,SOUTH AMERICA,Retail,F1,Existing,781,32930
17-08-2020,CANADA,Shopify,C4,Existing,105,18084
17-08-2020,USA,Shopify,C1,New,141,21468
17-08-2020,EUROPE,Retail,C4,Existing,5022,265997
17-08-2020,SOUTH AMERICA,Retail,C3,Existing,1315,60436
17-08-2020,OCEANIA,Retail,null,Existing,41040,1675283
17-08-2020,EUROPE,Shopify,null,Existing,14,3020
17-08-2020,SOUTH AMERICA,Retail,null,New,1212,41059
17-08-2020,CANADA,Retail,F1,Existing,23679,1250772
17-08-2020,AFRICA,Shopify,null,Guest,5686,1002507
17-08-2020,ASIA,Retail,null,Guest,1902128,47810123
17-08-2020,AFRICA,Retail,F2,New,63188,2153208
17-08-2020,EUROPE,Retail,F3,Existing,18778,1134144
17-08-2020,ASIA,Retail,F3,Existing,396928,19877010
17-08-2020,OCEANIA,Retail,F1,New,39578,1277367
17-08-2020,CANADA,Retail,F3,Existing,94458,5273053
17-08-2020,SOUTH AMERICA,Shopify,C4,Existing,7,1699
17-08-2020,ASIA,Shopify,F1,Existing,2072,355884
17-08-2020,AFRICA,Shopify,F2,New,251,41827
17-08-2020,OCEANIA,Retail,F3,New,108535,3617509
17-08-2020,CANADA,Shopify,C1,New,89,10924
17-08-2020,CANADA,Retail,C4,Existing,29124,1446964
17-08-2020,ASIA,Shopify,C1,Existing,1299,212219
17-08-2020,AFRICA,Shopify,C3,Existing,2637,524853
17-08-2020,SOUTH AMERICA,Retail,C3,New,890,31608
17-08-2020,EUROPE,Retail,C4,New,1500,58876
17-08-2020,ASIA,Shopify,C4,Existing,294,53030
17-08-2020,OCEANIA,Retail,null,New,78921,2729635
17-08-2020,EUROPE,Shopify,null,New,12,2224
17-08-2020,EUROPE,Retail,F1,New,905,38114
17-08-2020,EUROPE,Shopify,null,Guest,337,84305
17-08-2020,EUROPE,Retail,F3,New,1748,74690
17-08-2020,CANADA,Retail,F2,Existing,61465,3274278
17-08-2020,CANADA,Shopify,C4,New,13,1633
17-08-2020,EUROPE,Shopify,F1,New,5,1068
17-08-2020,OCEANIA,Retail,F1,Existing,142729,7066700
17-08-2020,CANADA,Shopify,null,Existing,73,12192
17-08-2020,ASIA,Shopify,F2,Existing,2966,556672
17-08-2020,AFRICA,Shopify,C4,New,64,9569
17-08-2020,OCEANIA,Retail,C4,New,63555,1931124
17-08-2020,EUROPE,Retail,C2,Existing,9865,471211
17-08-2020,EUROPE,Shopify,C4,New,2,593
17-08-2020,AFRICA,Shopify,C3,New,308,46232
17-08-2020,USA,Retail,C2,New,25953,880164
17-08-2020,AFRICA,Retail,F1,New,22013,766933
17-08-2020,CANADA,Retail,C2,New,14892,483235
17-08-2020,AFRICA,Retail,null,New,55825,2166279
17-08-2020,OCEANIA,Shopify,F3,New,195,35185
17-08-2020,ASIA,Shopify,C2,New,434,61480
17-08-2020,ASIA,Retail,C4,New,51138,1441867
17-08-2020,SOUTH AMERICA,Retail,C1,New,2471,52721
17-08-2020,OCEANIA,Retail,C2,Existing,167670,6472772
17-08-2020,USA,Retail,F1,Existing,39435,2224654
17-08-2020,USA,Retail,C2,Existing,42876,2078217
17-08-2020,AFRICA,Retail,C2,Existing,112344,4764104
17-08-2020,ASIA,Retail,C2,Existing,127517,4804807
17-08-2020,ASIA,Shopify,C4,New,40,5799
17-08-2020,CANADA,Shopify,null,New,77,12880
17-08-2020,SOUTH AMERICA,Shopify,F3,Existing,25,5742
17-08-2020,CANADA,Retail,C3,New,27988,958584
17-08-2020,SOUTH AMERICA,Shopify,C3,Existing,100,20831
17-08-2020,SOUTH AMERICA,Shopify,F3,New,2,354
17-08-2020,USA,Retail,C1,Existing,57901,2396327
17-08-2020,USA,Shopify,F3,Existing,950,196866
17-08-2020,EUROPE,Retail,C1,Existing,15063,659557
17-08-2020,ASIA,Shopify,C2,Existing,2292,405589
17-08-2020,OCEANIA,Shopify,null,Guest,10825,1941072
17-08-2020,OCEANIA,Retail,C3,Existing,340247,16388534
17-08-2020,ASIA,Retail,F1,Existing,92564,4369157
17-08-2020,ASIA,Shopify,C1,New,277,34274
17-08-2020,AFRICA,Retail,C3,Existing,287567,14503756
17-08-2020,EUROPE,Retail,C2,New,2972,105769
17-08-2020,OCEANIA,Shopify,C3,New,547,94505
17-08-2020,OCEANIA,Retail,C1,New,173936,3912906
17-08-2020,CANADA,Retail,null,Existing,6918,317465
17-08-2020,CANADA,Shopify,F1,Existing,760,128297
17-08-2020,CANADA,Shopify,F3,Existing,658,123399
17-08-2020,SOUTH AMERICA,Shopify,C2,Existing,139,28697
17-08-2020,CANADA,Retail,C3,Existing,61676,3137725
17-08-2020,USA,Shopify,null,New,134,22123
17-08-2020,SOUTH AMERICA,Shopify,C1,New,16,2710
17-08-2020,OCEANIA,Shopify,null,New,521,87587
17-08-2020,SOUTH AMERICA,Shopify,C2,New,40,6347
17-08-2020,USA,Shopify,C2,Existing,1375,268347
17-08-2020,SOUTH AMERICA,Shopify,F1,Existing,70,16176
17-08-2020,OCEANIA,Retail,F2,New,88458,2921332
17-08-2020,CANADA,Retail,C1,New,30947,779071
17-08-2020,SOUTH AMERICA,Shopify,C1,Existing,73,12524
17-08-2020,ASIA,Shopify,null,Existing,318,57614
17-08-2020,ASIA,Retail,C4,Existing,108966,4808790
17-08-2020,EUROPE,Shopify,C1,New,13,3213
17-08-2020,AFRICA,Retail,C4,New,47020,1559841
17-08-2020,USA,Retail,C3,Existing,102513,5717894
17-08-2020,CANADA,Retail,F3,New,18740,644709
17-08-2020,ASIA,Retail,null,New,62751,2058152
17-08-2020,AFRICA,Retail,C4,Existing,120050,6051427
17-08-2020,EUROPE,Retail,F1,Existing,6764,387318
17-08-2020,ASIA,Shopify,F1,New,171,23675
17-08-2020,EUROPE,Retail,C3,Existing,15347,845338
17-08-2020,AFRICA,Retail,C1,New,98263,2416174
17-08-2020,ASIA,Shopify,null,New,270,45713
17-08-2020,EUROPE,Retail,F2,Existing,14536,874082
17-08-2020,USA,Retail,F3,New,27543,1057891
17-08-2020,USA,Shopify,C2,New,226,33141
17-08-2020,AFRICA,Shopify,F1,New,178,26023
17-08-2020,SOUTH AMERICA,Shopify,F2,New,8,1599
17-08-2020,ASIA,Retail,C1,Existing,186330,6123591
17-08-2020,SOUTH AMERICA,Retail,C4,Existing,348,15761
17-08-2020,USA,Retail,C4,New,18029,621053
17-08-2020,CANADA,Shopify,F3,New,35,5845
17-08-2020,OCEANIA,Shopify,C4,Existing,680,123917
17-08-2020,OCEANIA,Retail,null,Guest,2412388,63334453
17-08-2020,USA,Retail,null,New,21347,894642
17-08-2020,EUROPE,Retail,null,Guest,98851,3448590
17-08-2020,SOUTH AMERICA,Shopify,F1,New,8,1077
17-08-2020,ASIA,Retail,C2,New,85880,2200563
17-08-2020,SOUTH AMERICA,Retail,null,Existing,241,7415
17-08-2020,ASIA,Shopify,F3,Existing,1898,368572
17-08-2020,OCEANIA,Shopify,F1,New,319,49916
17-08-2020,CANADA,Retail,C4,New,12616,404619
17-08-2020,USA,Shopify,C4,Existing,151,27185
17-08-2020,AFRICA,Shopify,C4,Existing,393,73925
17-08-2020,AFRICA,Shopify,C2,New,382,55995
17-08-2020,ASIA,Shopify,F3,New,108,18426
17-08-2020,ASIA,Retail,F2,Existing,216067,10304393
17-08-2020,AFRICA,Shopify,null,New,298,48155
17-08-2020,SOUTH AMERICA,Shopify,null,Guest,2054,384548
17-08-2020,USA,Shopify,F3,New,50,8256
17-08-2020,AFRICA,Shopify,F2,Existing,4649,885237
17-08-2020,CANADA,Shopify,C3,New,107,15916
17-08-2020,USA,Retail,C1,New,36127,980601
17-08-2020,USA,Retail,C3,New,45550,1695344
17-08-2020,EUROPE,Retail,null,Existing,2834,130673
17-08-2020,EUROPE,Shopify,F1,Existing,144,34939
17-08-2020,CANADA,Retail,null,New,14079,545091
17-08-2020,CANADA,Shopify,F1,New,47,6906
17-08-2020,SOUTH AMERICA,Shopify,null,Existing,2,187
17-08-2020,OCEANIA,Retail,C3,New,152071,4848872
17-08-2020,EUROPE,Shopify,C3,New,16,5734
17-08-2020,AFRICA,Shopify,F1,Existing,2589,469577
17-08-2020,EUROPE,Retail,F2,New,1757,73775
17-08-2020,OCEANIA,Shopify,null,Existing,550,108996
17-08-2020,ASIA,Shopify,null,Guest,5780,963016
17-08-2020,USA,Shopify,C1,Existing,752,130572
17-08-2020,AFRICA,Retail,null,Guest,1546278,44301952
17-08-2020,SOUTH AMERICA,Retail,F1,New,255,8408
17-08-2020,EUROPE,Shopify,C2,New,21,4506
17-08-2020,SOUTH AMERICA,Retail,F3,New,316,11766
17-08-2020,OCEANIA,Shopify,C1,Existing,2715,464078
17-08-2020,ASIA,Retail,C1,New,133361,2838862
17-08-2020,AFRICA,Retail,F2,Existing,275106,14564224
17-08-2020,AFRICA,Retail,F3,New,68899,2422702
17-08-2020,EUROPE,Shopify,C1,Existing,115,24158
17-08-2020,AFRICA,Shopify,F3,New,115,19159
17-08-2020,CANADA,Shopify,F2,New,85,13301
17-08-2020,CANADA,Shopify,F2,Existing,1288,239332
17-08-2020,OCEANIA,Retail,F2,Existing,340742,17601663
17-08-2020,EUROPE,Shopify,F2,Existing,242,52204
17-08-2020,USA,Retail,null,Existing,11812,581819
17-08-2020,CANADA,Retail,F1,New,6634,237160
17-08-2020,CANADA,Shopify,C2,Existing,734,128072
17-08-2020,USA,Retail,C4,Existing,40439,2165593
17-08-2020,OCEANIA,Shopify,C2,New,737,114229
17-08-2020,USA,Shopify,F1,New,117,18101
17-08-2020,USA,Retail,F3,Existing,142421,8634287
17-08-2020,SOUTH AMERICA,Retail,F3,Existing,1296,62113
17-08-2020,EUROPE,Shopify,C3,Existing,175,54266
17-08-2020,SOUTH AMERICA,Retail,F2,Existing,1124,49047
17-08-2020,ASIA,Retail,C3,New,116905,3505589
17-08-2020,CANADA,Shopify,null,Guest,1591,263342
17-08-2020,EUROPE,Retail,null,New,2945,132755
17-08-2020,SOUTH AMERICA,Retail,C2,New,905,26856
17-08-2020,OCEANIA,Shopify,F2,Existing,6600,1321634
17-08-2020,CANADA,Shopify,C1,Existing,564,87885
17-08-2020,USA,Retail,F2,Existing,93845,5322541
17-08-2020,CANADA,Shopify,C2,New,95,13519
17-08-2020,OCEANIA,Retail,C1,Existing,259111,9224860
17-08-2020,USA,Shopify,C3,New,207,35386
17-08-2020,AFRICA,Shopify,C1,Existing,1603,256974
17-08-2020,SOUTH AMERICA,Retail,null,Guest,406131,16378438
17-08-2020,ASIA,Shopify,F2,New,224,32131
17-08-2020,AFRICA,Retail,C1,Existing,187177,6889807
17-08-2020,CANADA,Retail,C1,Existing,56486,2313650
17-08-2020,USA,Shopify,null,Guest,2549,457017
17-08-2020,SOUTH AMERICA,Retail,C1,Existing,3234,90457
17-08-2020,CANADA,Shopify,C3,Existing,777,143406
17-08-2020,EUROPE,Retail,C1,New,4629,135718
17-08-2020,USA,Shopify,null,Existing,152,32055
17-08-2020,AFRICA,Retail,null,Existing,31550,1362736
17-08-2020,AFRICA,Shopify,C1,New,278,33973
17-08-2020,OCEANIA,Retail,C4,Existing,152133,7366089
17-08-2020,EUROPE,Shopify,C4,Existing,19,4431
17-08-2020,OCEANIA,Retail,C2,New,109303,2918338
17-08-2020,SOUTH AMERICA,Shopify,C3,New,25,4448
17-08-2020,OCEANIA,Shopify,C1,New,505,67376
17-08-2020,USA,Retail,F1,New,11428,432164
17-08-2020,SOUTH AMERICA,Shopify,C4,New,5,806
17-08-2020,USA,Shopify,C3,Existing,1423,302157
17-08-2020,CANADA,Retail,C2,Existing,23219,1001518
17-08-2020,AFRICA,Shopify,null,Existing,319,62170
17-08-2020,ASIA,Shopify,C3,New,262,37346
17-08-2020,OCEANIA,Shopify,F3,Existing,3813,795013
10-08-2020,USA,Retail,null,Existing,15577,754876
10-08-2020,AFRICA,Retail,C1,Existing,182887,6740764
10-08-2020,ASIA,Shopify,C1,Existing,1285,210922
10-08-2020,EUROPE,Shopify,null,New,15,3707
10-08-2020,SOUTH AMERICA,Shopify,F1,Existing,66,14470
10-08-2020,AFRICA,Retail,C2,New,56951,1765560
10-08-2020,ASIA,Retail,F3,New,84863,2644705
10-08-2020,CANADA,Retail,F1,New,6479,235905
10-08-2020,SOUTH AMERICA,Retail,C3,New,881,31132
10-08-2020,AFRICA,Shopify,C3,New,314,50571
10-08-2020,CANADA,Shopify,C3,Existing,799,153407
10-08-2020,EUROPE,Retail,C1,New,4610,138141
10-08-2020,AFRICA,Shopify,null,New,279,46890
10-08-2020,USA,Retail,C3,New,45956,1735568
10-08-2020,EUROPE,Retail,C4,New,1529,61261
10-08-2020,USA,Retail,C2,New,25709,869093
10-08-2020,CANADA,Retail,null,Guest,389009,10752020
10-08-2020,USA,Shopify,F3,Existing,958,203301
10-08-2020,EUROPE,Retail,F2,Existing,14083,823074
10-08-2020,AFRICA,Retail,F1,New,22274,809294
10-08-2020,ASIA,Shopify,F1,New,175,23810
10-08-2020,CANADA,Retail,null,Existing,8956,428086
10-08-2020,CANADA,Shopify,F1,Existing,786,133725
10-08-2020,CANADA,Shopify,null,Existing,108,18098
10-08-2020,OCEANIA,Retail,null,New,87190,2965317
10-08-2020,AFRICA,Retail,F3,Existing,397434,22048568
10-08-2020,USA,Retail,F3,New,27674,1060153
10-08-2020,ASIA,Shopify,C2,New,440,58146
10-08-2020,SOUTH AMERICA,Shopify,F1,New,9,1981
10-08-2020,SOUTH AMERICA,Retail,C2,Existing,984,37488
10-08-2020,SOUTH AMERICA,Shopify,F2,New,6,872
10-08-2020,USA,Retail,C3,Existing,102124,5651652
10-08-2020,OCEANIA,Shopify,F1,Existing,4287,791461
10-08-2020,EUROPE,Shopify,C2,Existing,170,47457
10-08-2020,EUROPE,Shopify,F3,New,2,314
10-08-2020,CANADA,Shopify,C2,Existing,694,116515
10-08-2020,SOUTH AMERICA,Retail,F3,Existing,1304,60683
10-08-2020,USA,Shopify,F1,New,131,19555
10-08-2020,ASIA,Shopify,null,Guest,5856,987237
10-08-2020,AFRICA,Retail,null,Guest,1552707,44304726
10-08-2020,USA,Shopify,F2,Existing,1913,384475
10-08-2020,USA,Retail,null,New,23420,971003
10-08-2020,AFRICA,Shopify,null,Existing,382,71027
10-08-2020,OCEANIA,Shopify,C2,New,770,125489
10-08-2020,SOUTH AMERICA,Shopify,null,Guest,2062,393008
10-08-2020,OCEANIA,Shopify,C2,Existing,4391,817285
10-08-2020,USA,Shopify,F1,Existing,1335,253770
10-08-2020,ASIA,Retail,F1,New,29421,943870
10-08-2020,SOUTH AMERICA,Retail,C2,New,899,25595
10-08-2020,ASIA,Retail,C3,Existing,240218,10955770
10-08-2020,USA,Retail,C2,Existing,42860,2065404
10-08-2020,CANADA,Retail,F3,Existing,92147,5103156
10-08-2020,CANADA,Retail,F3,New,18179,630749
10-08-2020,AFRICA,Shopify,F1,Existing,2542,463189
10-08-2020,EUROPE,Shopify,F1,New,6,996
10-08-2020,AFRICA,Retail,C2,Existing,112254,4800959
10-08-2020,CANADA,Shopify,F2,Existing,1296,239593
10-08-2020,SOUTH AMERICA,Retail,C1,Existing,3010,83594
10-08-2020,AFRICA,Retail,C3,New,109938,3913341
10-08-2020,AFRICA,Retail,C4,Existing,119055,6021186
10-08-2020,OCEANIA,Retail,F3,New,108523,3656004
10-08-2020,ASIA,Retail,null,New,67978,2255669
10-08-2020,ASIA,Shopify,C3,Existing,2017,387583
10-08-2020,CANADA,Retail,F2,Existing,60106,3149550
10-08-2020,SOUTH AMERICA,Retail,C4,New,227,8724
10-08-2020,SOUTH AMERICA,Retail,C3,Existing,1356,63599
10-08-2020,EUROPE,Retail,C4,Existing,5110,270941
10-08-2020,USA,Shopify,null,Guest,2515,452765
10-08-2020,ASIA,Shopify,F3,Existing,1880,367732
10-08-2020,AFRICA,Shopify,C2,Existing,2421,456586
10-08-2020,OCEANIA,Shopify,F1,New,337,48736
10-08-2020,ASIA,Retail,F2,New,65694,2009834
10-08-2020,ASIA,Shopify,C2,Existing,2263,401444
10-08-2020,ASIA,Shopify,C3,New,292,42180
10-08-2020,OCEANIA,Retail,C1,Existing,255118,9056376
10-08-2020,EUROPE,Shopify,C1,Existing,94,19570
10-08-2020,USA,Shopify,F2,New,145,22190
10-08-2020,USA,Shopify,C4,New,22,3523
10-08-2020,SOUTH AMERICA,Shopify,C4,New,6,646
10-08-2020,OCEANIA,Retail,C3,New,152821,4942858
10-08-2020,ASIA,Retail,C2,Existing,127598,4897462
10-08-2020,EUROPE,Shopify,C3,New,14,3566
10-08-2020,EUROPE,Retail,null,New,3095,133349
10-08-2020,SOUTH AMERICA,Retail,F1,Existing,691,27346
10-08-2020,USA,Retail,null,Guest,526413,16081303
10-08-2020,EUROPE,Retail,null,Existing,3386,157151
10-08-2020,OCEANIA,Shopify,F2,New,389,62581
10-08-2020,EUROPE,Shopify,F1,Existing,137,31069
10-08-2020,USA,Retail,F3,Existing,139861,8367986
10-08-2020,OCEANIA,Retail,null,Existing,53361,2176256
10-08-2020,EUROPE,Shopify,null,Existing,27,7327
10-08-2020,ASIA,Shopify,F2,Existing,2914,549728
10-08-2020,USA,Retail,F2,Existing,92910,5163812
10-08-2020,USA,Retail,C4,New,18008,641430
10-08-2020,OCEANIA,Shopify,C1,New,461,62213
10-08-2020,OCEANIA,Shopify,C4,New,103,15964
10-08-2020,EUROPE,Retail,F3,Existing,18491,1102488
10-08-2020,ASIA,Shopify,C4,Existing,281,47931
10-08-2020,SOUTH AMERICA,Shopify,F3,Existing,36,7418
10-08-2020,AFRICA,Shopify,F1,New,193,28301
10-08-2020,OCEANIA,Shopify,C3,Existing,4422,897675
10-08-2020,AFRICA,Shopify,F3,New,102,15696
10-08-2020,OCEANIA,Shopify,C1,Existing,2643,455488
10-08-2020,CANADA,Retail,F2,New,16716,582076
10-08-2020,AFRICA,Retail,F3,New,67758,2397332
10-08-2020,SOUTH AMERICA,Retail,F1,New,296,10344
10-08-2020,EUROPE,Shopify,C2,New,17,3077
10-08-2020,USA,Shopify,C1,New,140,18109
10-08-2020,ASIA,Retail,null,Existing,40666,1636144
10-08-2020,EUROPE,Shopify,F2,New,8,2114
10-08-2020,SOUTH AMERICA,Retail,C1,New,2509,51980
10-08-2020,ASIA,Shopify,F1,Existing,2134,368422
10-08-2020,ASIA,Shopify,F2,New,219,31731
10-08-2020,AFRICA,Shopify,C3,Existing,2528,514328
10-08-2020,OCEANIA,Retail,F3,Existing,541385,29331524
10-08-2020,CANADA,Shopify,C2,New,98,12883
10-08-2020,AFRICA,Shopify,F2,New,202,33755
10-08-2020,AFRICA,Shopify,C1,New,272,36422
10-08-2020,OCEANIA,Retail,F2,New,87993,2895594
10-08-2020,CANADA,Retail,C1,New,29661,760457
10-08-2020,SOUTH AMERICA,Shopify,C1,Existing,68,11651
10-08-2020,CANADA,Shopify,F2,New,77,11136
10-08-2020,SOUTH AMERICA,Retail,null,Existing,338,9797
10-08-2020,CANADA,Retail,C2,Existing,23194,992630
10-08-2020,CANADA,Shopify,C4,New,13,1466
10-08-2020,EUROPE,Retail,C1,Existing,14786,626319
10-08-2020,ASIA,Retail,C2,New,84460,2224285
10-08-2020,SOUTH AMERICA,Retail,F2,New,370,13774
10-08-2020,SOUTH AMERICA,Retail,F2,Existing,1089,49162
10-08-2020,SOUTH AMERICA,Shopify,null,New,46,8263
10-08-2020,USA,Retail,C1,Existing,57001,2325464
10-08-2020,SOUTH AMERICA,Shopify,C3,Existing,103,20695
10-08-2020,USA,Shopify,null,New,159,25820
10-08-2020,EUROPE,Retail,F1,Existing,6493,374312
10-08-2020,CANADA,Retail,C2,New,14607,487625
10-08-2020,SOUTH AMERICA,Shopify,C2,Existing,113,22554
10-08-2020,OCEANIA,Shopify,null,Guest,10661,1916228
10-08-2020,USA,Retail,C1,New,35798,967881
10-08-2020,OCEANIA,Retail,C1,New,171259,3864876
10-08-2020,EUROPE,Shopify,C1,New,12,2116
10-08-2020,OCEANIA,Shopify,C3,New,541,89186
10-08-2020,OCEANIA,Retail,C4,Existing,151426,7411317
10-08-2020,EUROPE,Shopify,C4,Existing,20,4802
10-08-2020,AFRICA,Retail,null,Existing,40870,1778458
10-08-2020,USA,Retail,F1,Existing,39437,2213190
10-08-2020,SOUTH AMERICA,Retail,null,Guest,400399,16151059
10-08-2020,OCEANIA,Retail,C2,Existing,167770,6511989
10-08-2020,CANADA,Retail,C1,Existing,55437,2282598
10-08-2020,AFRICA,Shopify,C2,New,389,57303
10-08-2020,EUROPE,Retail,C3,New,4171,173817
10-08-2020,AFRICA,Retail,F1,Existing,96439,5061797
10-08-2020,OCEANIA,Retail,C3,Existing,339785,16391442
10-08-2020,EUROPE,Shopify,C3,Existing,161,51616
10-08-2020,SOUTH AMERICA,Shopify,C1,New,16,2738
10-08-2020,CANADA,Shopify,C4,Existing,107,18242
10-08-2020,AFRICA,Shopify,null,Guest,5588,973232
10-08-2020,SOUTH AMERICA,Shopify,C4,Existing,6,1034
10-08-2020,EUROPE,Shopify,null,Guest,327,74656
10-08-2020,CANADA,Retail,C4,Existing,28577,1409891
10-08-2020,CANADA,Retail,C3,Existing,61727,3128812
10-08-2020,OCEANIA,Shopify,null,New,498,80339
10-08-2020,ASIA,Retail,null,Guest,1887143,48068626
10-08-2020,SOUTH AMERICA,Shopify,F2,Existing,28,6440
10-08-2020,CANADA,Retail,C3,New,28235,975579
10-08-2020,USA,Retail,C4,Existing,40096,2158541
10-08-2020,ASIA,Retail,C3,New,116758,3578742
10-08-2020,ASIA,Shopify,F3,New,124,17632
10-08-2020,SOUTH AMERICA,Shopify,C2,New,59,10008
10-08-2020,EUROPE,Retail,null,Guest,100757,3447184
10-08-2020,AFRICA,Shopify,F2,Existing,4563,877826
10-08-2020,EUROPE,Retail,F1,New,926,37629
10-08-2020,ASIA,Retail,F1,Existing,91936,4470218
10-08-2020,AFRICA,Retail,C4,New,46821,1574081
10-08-2020,ASIA,Retail,F3,Existing,389314,19648444
10-08-2020,OCEANIA,Retail,F1,New,40089,1329921
10-08-2020,OCEANIA,Shopify,C4,Existing,675,119212
10-08-2020,CANADA,Shopify,C3,New,106,15942
10-08-2020,EUROPE,Retail,C2,New,2835,103204
10-08-2020,CANADA,Retail,null,New,14901,576552
10-08-2020,AFRICA,Shopify,F3,Existing,2304,469306
10-08-2020,SOUTH AMERICA,Shopify,F3,New,2,256
10-08-2020,CANADA,Shopify,F3,New,28,4477
10-08-2020,OCEANIA,Retail,C2,New,108970,2921528
10-08-2020,USA,Retail,F1,New,11433,448436
10-08-2020,CANADA,Retail,F1,Existing,23790,1272871
10-08-2020,SOUTH AMERICA,Retail,F3,New,292,9904
10-08-2020,OCEANIA,Retail,C4,New,63925,2001478
10-08-2020,USA,Shopify,C3,New,182,29180
10-08-2020,EUROPE,Shopify,C4,New,2,632
10-08-2020,OCEANIA,Retail,F1,Existing,143771,7144721
10-08-2020,EUROPE,Retail,C2,Existing,9893,474293
10-08-2020,CANADA,Shopify,C1,New,94,12432
10-08-2020,OCEANIA,Shopify,F3,Existing,3700,766241
10-08-2020,AFRICA,Retail,F2,New,62201,2144477
10-08-2020,CANADA,Shopify,F3,Existing,643,123959
10-08-2020,USA,Shopify,C1,Existing,725,127212
10-08-2020,USA,Retail,F2,New,26643,947244
10-08-2020,ASIA,Retail,F2,Existing,212049,10186501
10-08-2020,ASIA,Shopify,C4,New,51,6735
10-08-2020,OCEANIA,Retail,F2,Existing,337725,17283430
10-08-2020,EUROPE,Shopify,F2,Existing,208,44269
10-08-2020,USA,Shopify,F3,New,49,9085
10-08-2020,USA,Shopify,null,Existing,187,39281
10-08-2020,CANADA,Shopify,F1,New,58,7894
10-08-2020,SOUTH AMERICA,Shopify,null,Existing,6,1274
10-08-2020,OCEANIA,Shopify,null,Existing,654,123959
10-08-2020,SOUTH AMERICA,Retail,C4,Existing,374,16886
10-08-2020,CANADA,Shopify,C1,Existing,547,88689
10-08-2020,OCEANIA,Shopify,F2,Existing,6333,1256976
10-08-2020,SOUTH AMERICA,Retail,null,New,1294,46478
10-08-2020,ASIA,Retail,C4,Existing,107398,4778226
10-08-2020,AFRICA,Retail,F2,Existing,269162,14203517
10-08-2020,AFRICA,Shopify,C1,Existing,1578,253694
10-08-2020,AFRICA,Shopify,C4,New,58,8633
10-08-2020,ASIA,Retail,C1,New,129054,2810314
10-08-2020,EUROPE,Retail,F2,New,1710,72189
10-08-2020,SOUTH AMERICA,Shopify,C3,New,22,3712
10-08-2020,EUROPE,Retail,F3,New,1735,74278
10-08-2020,CANADA,Shopify,null,New,79,12029
10-08-2020,EUROPE,Shopify,F3,Existing,103,27675
10-08-2020,AFRICA,Retail,C3,Existing,285399,14450180
10-08-2020,USA,Shopify,C2,New,220,45523
10-08-2020,AFRICA,Shopify,C4,Existing,386,76381
10-08-2020,ASIA,Shopify,null,New,342,54929
10-08-2020,OCEANIA,Shopify,F3,New,194,30184
10-08-2020,ASIA,Retail,C1,Existing,181625,6134984
10-08-2020,AFRICA,Retail,null,New,59847,2309908
10-08-2020,ASIA,Retail,C4,New,50182,1443978
10-08-2020,CANADA,Retail,C4,New,12668,413810
10-08-2020,USA,Shopify,C4,Existing,171,29727
10-08-2020,CANADA,Shopify,null,Guest,1600,265390
10-08-2020,EUROPE,Retail,C3,Existing,15618,840062
10-08-2020,OCEANIA,Retail,null,Guest,2434028,63455857
10-08-2020,ASIA,Shopify,C1,New,257,32094
10-08-2020,USA,Shopify,C3,Existing,1380,285329
10-08-2020,ASIA,Shopify,null,Existing,433,80045
10-08-2020,AFRICA,Retail,C1,New,96368,2417332
10-08-2020,USA,Shopify,C2,Existing,1386,264650
03-08-2020,USA,Shopify,C3,Existing,1394,295484
03-08-2020,ASIA,Retail,F1,Existing,88727,4330025
03-08-2020,AFRICA,Retail,C2,Existing,108181,4609445
03-08-2020,EUROPE,Shopify,F1,New,6,1222
03-08-2020,OCEANIA,Retail,F1,New,37300,1220181
03-08-2020,CANADA,Shopify,C1,Existing,543,85829
03-08-2020,EUROPE,Shopify,C2,Existing,181,52274
03-08-2020,CANADA,Retail,C4,New,12248,410446
03-08-2020,AFRICA,Shopify,null,Guest,5387,943794
03-08-2020,SOUTH AMERICA,Shopify,C4,Existing,7,1675
03-08-2020,AFRICA,Retail,C3,Existing,279564,14164525
03-08-2020,CANADA,Shopify,null,New,78,12238
03-08-2020,OCEANIA,Retail,null,Guest,2347521,61642928
03-08-2020,ASIA,Retail,null,Guest,1816979,46017560
03-08-2020,SOUTH AMERICA,Shopify,F3,New,6,1152
03-08-2020,ASIA,Retail,F3,Existing,379452,19180184
03-08-2020,USA,Shopify,C1,New,133,16466
03-08-2020,AFRICA,Retail,F1,New,20712,736052
03-08-2020,ASIA,Retail,F2,New,63029,1915643
03-08-2020,EUROPE,Shopify,null,Guest,371,82928
03-08-2020,USA,Retail,F2,New,26359,947836
03-08-2020,USA,Retail,F2,Existing,92243,5223071
03-08-2020,EUROPE,Retail,C1,Existing,14456,642677
03-08-2020,ASIA,Shopify,C4,New,38,5552
03-08-2020,EUROPE,Shopify,F2,Existing,224,49924
03-08-2020,USA,Shopify,F3,New,44,6674
03-08-2020,ASIA,Retail,C3,Existing,234120,10684085
03-08-2020,EUROPE,Retail,C2,New,2797,101235
03-08-2020,AFRICA,Retail,null,Guest,1499194,42818477
03-08-2020,USA,Shopify,F2,Existing,1872,362902
03-08-2020,OCEANIA,Shopify,F2,Existing,6342,1274011
03-08-2020,OCEANIA,Retail,C3,Existing,331895,16192583
03-08-2020,OCEANIA,Shopify,null,Guest,10406,1885049
03-08-2020,EUROPE,Shopify,C3,Existing,162,46471
03-08-2020,CANADA,Retail,null,New,14294,559894
03-08-2020,SOUTH AMERICA,Shopify,null,Existing,3,456
03-08-2020,EUROPE,Retail,F3,New,1836,81274
03-08-2020,USA,Retail,C1,New,34891,948460
03-08-2020,SOUTH AMERICA,Retail,C4,Existing,329,15748
03-08-2020,SOUTH AMERICA,Retail,F2,Existing,1097,48997
03-08-2020,SOUTH AMERICA,Shopify,C4,New,6,1103
03-08-2020,CANADA,Retail,C1,New,28882,741610
03-08-2020,ASIA,Retail,F2,Existing,205553,9911498
03-08-2020,USA,Retail,C4,New,17884,635394
03-08-2020,ASIA,Shopify,F2,New,177,24231
03-08-2020,ASIA,Shopify,F2,Existing,2765,517548
03-08-2020,ASIA,Retail,F1,New,27282,857603
03-08-2020,OCEANIA,Retail,F3,Existing,528117,29101768
03-08-2020,AFRICA,Shopify,F2,New,235,39520
03-08-2020,EUROPE,Shopify,F3,Existing,119,29953
03-08-2020,ASIA,Shopify,C1,New,271,33537
03-08-2020,USA,Shopify,C2,New,199,33415
03-08-2020,SOUTH AMERICA,Shopify,C2,New,36,5368
03-08-2020,CANADA,Shopify,F3,Existing,654,124490
03-08-2020,USA,Shopify,C2,Existing,1319,250222
03-08-2020,ASIA,Retail,C4,New,48284,1385553
03-08-2020,AFRICA,Retail,C3,New,106298,3752174
03-08-2020,AFRICA,Shopify,F3,Existing,2293,466656
03-08-2020,SOUTH AMERICA,Retail,C2,New,843,25585
03-08-2020,OCEANIA,Shopify,C1,Existing,2564,441168
03-08-2020,SOUTH AMERICA,Shopify,F3,Existing,25,5302
03-08-2020,SOUTH AMERICA,Retail,C1,New,2318,49417
03-08-2020,EUROPE,Retail,C3,New,4115,176979
03-08-2020,AFRICA,Retail,F3,Existing,387425,21705275
03-08-2020,CANADA,Retail,F2,Existing,58521,3108705
03-08-2020,AFRICA,Shopify,F2,Existing,4356,842451
03-08-2020,USA,Retail,null,Guest,521224,16094778
03-08-2020,CANADA,Shopify,F2,Existing,1247,227477
03-08-2020,SOUTH AMERICA,Retail,F3,New,275,9632
03-08-2020,EUROPE,Retail,F1,New,852,35256
03-08-2020,AFRICA,Retail,C4,Existing,116704,5902067
03-08-2020,AFRICA,Shopify,C2,New,354,50063
03-08-2020,EUROPE,Shopify,null,Existing,32,5962
03-08-2020,CANADA,Shopify,C4,Existing,99,19479
03-08-2020,OCEANIA,Retail,F1,Existing,139116,6979626
03-08-2020,EUROPE,Shopify,F1,Existing,141,29866
03-08-2020,CANADA,Shopify,F3,New,29,4321
03-08-2020,AFRICA,Shopify,F3,New,109,16996
03-08-2020,OCEANIA,Retail,F3,New,104725,3531435
03-08-2020,EUROPE,Shopify,F3,New,2,258
03-08-2020,AFRICA,Shopify,C1,Existing,1542,252808
03-08-2020,EUROPE,Retail,null,Existing,3112,144954
03-08-2020,OCEANIA,Retail,F2,New,83815,2767752
03-08-2020,EUROPE,Retail,C3,Existing,15512,856662
03-08-2020,SOUTH AMERICA,Shopify,null,New,45,7562
03-08-2020,OCEANIA,Shopify,F3,New,171,29196
03-08-2020,ASIA,Retail,C4,Existing,104667,4646974
03-08-2020,USA,Shopify,C4,Existing,146,29049
03-08-2020,USA,Retail,C4,Existing,40287,2172605
03-08-2020,AFRICA,Retail,F3,New,65266,2320686
03-08-2020,CANADA,Retail,F2,New,16220,562847
03-08-2020,AFRICA,Retail,F1,Existing,92562,4892297
03-08-2020,CANADA,Retail,F3,Existing,90743,5090774
03-08-2020,ASIA,Shopify,C3,New,238,36328
03-08-2020,ASIA,Retail,null,New,63739,2152841
03-08-2020,CANADA,Shopify,C2,Existing,719,123899
03-08-2020,AFRICA,Shopify,null,Existing,345,62057
03-08-2020,SOUTH AMERICA,Retail,F2,New,374,13556
03-08-2020,CANADA,Retail,C3,Existing,60779,3105611
03-08-2020,OCEANIA,Shopify,F2,New,353,58368
03-08-2020,OCEANIA,Shopify,C4,New,85,12781
03-08-2020,ASIA,Retail,C1,New,123968,2706726
03-08-2020,SOUTH AMERICA,Retail,F1,Existing,722,30399
03-08-2020,SOUTH AMERICA,Shopify,C1,Existing,62,10915
03-08-2020,OCEANIA,Retail,C1,New,164232,3740642
03-08-2020,EUROPE,Retail,F2,New,1668,71284
03-08-2020,EUROPE,Shopify,C1,New,11,2049
03-08-2020,AFRICA,Shopify,C4,New,60,8744
03-08-2020,SOUTH AMERICA,Shopify,F1,New,9,1791
03-08-2020,CANADA,Shopify,C1,New,92,10801
03-08-2020,OCEANIA,Shopify,F1,Existing,4153,771483
03-08-2020,EUROPE,Shopify,C3,New,12,2204
03-08-2020,OCEANIA,Shopify,C2,New,659,103074
03-08-2020,USA,Shopify,F1,New,111,17516
03-08-2020,SOUTH AMERICA,Shopify,null,Guest,1977,371364
03-08-2020,AFRICA,Shopify,C3,Existing,2503,496660
03-08-2020,OCEANIA,Retail,C4,Existing,148730,7316093
03-08-2020,CANADA,Retail,C3,New,27661,951224
03-08-2020,EUROPE,Shopify,C4,Existing,25,6824
03-08-2020,CANADA,Retail,C2,Existing,22438,979333
03-08-2020,CANADA,Shopify,C4,New,18,2565
03-08-2020,CANADA,Shopify,F1,Existing,742,121654
03-08-2020,EUROPE,Retail,F1,Existing,6436,377065
03-08-2020,ASIA,Shopify,F1,Existing,1917,330928
03-08-2020,EUROPE,Retail,null,Guest,100844,3528374
03-08-2020,OCEANIA,Retail,C3,New,147163,4777068
03-08-2020,SOUTH AMERICA,Shopify,C1,New,13,1520
03-08-2020,USA,Shopify,null,Existing,168,32554
03-08-2020,OCEANIA,Retail,C1,Existing,244511,8830183
03-08-2020,OCEANIA,Shopify,C3,Existing,4366,884249
03-08-2020,USA,Shopify,C4,New,26,3293
03-08-2020,SOUTH AMERICA,Retail,C1,Existing,2900,80314
03-08-2020,AFRICA,Retail,F2,Existing,259239,13763594
03-08-2020,SOUTH AMERICA,Retail,C3,Existing,1262,59645
03-08-2020,USA,Retail,null,New,22515,948888
03-08-2020,EUROPE,Retail,F2,Existing,13816,829369
03-08-2020,ASIA,Shopify,null,New,281,41085
03-08-2020,AFRICA,Shopify,C4,Existing,385,71965
03-08-2020,ASIA,Retail,F3,New,82178,2555608
03-08-2020,USA,Retail,C2,Existing,42925,2112377
03-08-2020,SOUTH AMERICA,Shopify,C3,New,25,3929
03-08-2020,EUROPE,Shopify,C4,New,2,762
03-08-2020,ASIA,Retail,null,Existing,35052,1434267
03-08-2020,CANADA,Shopify,C3,Existing,760,135351
03-08-2020,ASIA,Shopify,C4,Existing,292,49577
03-08-2020,USA,Retail,C1,Existing,56122,2336040
03-08-2020,EUROPE,Retail,C2,Existing,9712,471671
03-08-2020,SOUTH AMERICA,Shopify,F2,Existing,37,7350
03-08-2020,SOUTH AMERICA,Shopify,C3,Existing,98,20494
03-08-2020,OCEANIA,Shopify,C1,New,465,59473
03-08-2020,EUROPE,Shopify,F2,New,6,2901
03-08-2020,ASIA,Retail,C2,Existing,122624,4694548
03-08-2020,USA,Shopify,C1,Existing,735,122312
03-08-2020,OCEANIA,Shopify,C4,Existing,655,118436
03-08-2020,USA,Retail,C3,New,44879,1710355
03-08-2020,AFRICA,Retail,F2,New,59545,2044756
03-08-2020,CANADA,Retail,null,Guest,380808,10636371
03-08-2020,USA,Retail,C3,Existing,101765,5673928
03-08-2020,EUROPE,Retail,C4,Existing,5342,290457
03-08-2020,CANADA,Shopify,C2,New,102,15488
03-08-2020,USA,Shopify,null,Guest,2421,439650
03-08-2020,AFRICA,Retail,C1,New,91498,2291660
03-08-2020,ASIA,Shopify,null,Existing,375,66788
03-08-2020,ASIA,Shopify,C2,Existing,2210,394490
03-08-2020,CANADA,Retail,null,Existing,8326,440934
03-08-2020,OCEANIA,Shopify,C3,New,505,84868
03-08-2020,SOUTH AMERICA,Retail,null,New,1174,41633
03-08-2020,CANADA,Shopify,C3,New,100,15599
03-08-2020,CANADA,Retail,F1,New,6175,228738
03-08-2020,CANADA,Shopify,null,Guest,1553,254168
03-08-2020,USA,Retail,F3,New,27023,1045069
03-08-2020,CANADA,Shopify,F2,New,87,12913
03-08-2020,SOUTH AMERICA,Retail,C4,New,246,8872
03-08-2020,EUROPE,Retail,F3,Existing,18485,1133877
03-08-2020,USA,Retail,C2,New,25783,878770
03-08-2020,ASIA,Shopify,F1,New,173,23265
03-08-2020,EUROPE,Shopify,null,New,12,3773
03-08-2020,OCEANIA,Retail,C2,New,104668,2892022
03-08-2020,USA,Retail,F1,New,10778,426024
03-08-2020,EUROPE,Shopify,C2,New,11,4265
03-08-2020,USA,Retail,null,Existing,13944,680214
03-08-2020,AFRICA,Shopify,C1,New,286,35954
03-08-2020,CANADA,Retail,C2,New,14264,494801
03-08-2020,SOUTH AMERICA,Shopify,C2,Existing,130,26592
03-08-2020,CANADA,Shopify,null,Existing,106,18314
03-08-2020,ASIA,Retail,C2,New,81639,2148701
03-08-2020,ASIA,Shopify,F3,Existing,1769,346746
03-08-2020,OCEANIA,Shopify,F1,New,280,41486
03-08-2020,OCEANIA,Shopify,null,Existing,633,121649
03-08-2020,USA,Shopify,null,New,158,27496
03-08-2020,SOUTH AMERICA,Retail,null,Existing,309,9258
03-08-2020,OCEANIA,Shopify,F3,Existing,3692,773324
03-08-2020,OCEANIA,Retail,null,Existing,46226,1916895
03-08-2020,CANADA,Retail,C4,Existing,28378,1401391
03-08-2020,CANADA,Retail,F3,New,17871,627747
03-08-2020,USA,Shopify,F3,Existing,930,193590
03-08-2020,OCEANIA,Retail,null,New,81643,2864778
03-08-2020,AFRICA,Retail,C4,New,45605,1532557
03-08-2020,ASIA,Shopify,C3,Existing,1971,384914
03-08-2020,SOUTH AMERICA,Retail,C3,New,875,32665
03-08-2020,SOUTH AMERICA,Shopify,F2,New,3,651
03-08-2020,CANADA,Retail,F1,Existing,23165,1217020
03-08-2020,AFRICA,Shopify,F1,New,156,23031
03-08-2020,ASIA,Retail,C3,New,113155,3458770
03-08-2020,SOUTH AMERICA,Shopify,F1,Existing,64,14772
03-08-2020,AFRICA,Shopify,null,New,292,49202
03-08-2020,AFRICA,Retail,C1,Existing,174837,6486903
03-08-2020,AFRICA,Shopify,C2,Existing,2363,446202
03-08-2020,EUROPE,Retail,C4,New,1582,68886
03-08-2020,SOUTH AMERICA,Retail,F3,Existing,1278,59698
03-08-2020,OCEANIA,Retail,F2,Existing,328448,17048578
03-08-2020,OCEANIA,Shopify,C2,Existing,4287,804677
03-08-2020,USA,Shopify,F1,Existing,1296,240829
03-08-2020,EUROPE,Retail,null,New,2922,129132
03-08-2020,ASIA,Shopify,null,Guest,5694,975397
03-08-2020,OCEANIA,Shopify,null,New,479,79978
03-08-2020,CANADA,Shopify,F1,New,43,5654
03-08-2020,ASIA,Shopify,F3,New,99,15337
03-08-2020,ASIA,Retail,C1,Existing,174238,5903130
03-08-2020,USA,Shopify,F2,New,119,20774
03-08-2020,AFRICA,Shopify,C3,New,296,49446
03-08-2020,SOUTH AMERICA,Retail,null,Guest,389403,15849162
03-08-2020,OCEANIA,Retail,C2,Existing,161833,6333845
03-08-2020,USA,Retail,F1,Existing,38907,2197660
03-08-2020,EUROPE,Retail,C1,New,4317,136064
03-08-2020,USA,Retail,F3,Existing,139847,8500159
03-08-2020,SOUTH AMERICA,Retail,C2,Existing,931,35918
03-08-2020,OCEANIA,Retail,C4,New,61581,1905328
03-08-2020,USA,Shopify,C3,New,182,27724
03-08-2020,AFRICA,Retail,C2,New,54234,1667548
03-08-2020,SOUTH AMERICA,Retail,F1,New,252,8008
03-08-2020,ASIA,Shopify,C1,Existing,1211,198113
03-08-2020,CANADA,Retail,C1,Existing,53662,2195120
03-08-2020,AFRICA,Retail,null,New,55812,2202351
03-08-2020,ASIA,Shopify,C2,New,374,50935
03-08-2020,AFRICA,Shopify,F1,Existing,2436,444135
03-08-2020,AFRICA,Retail,null,Existing,35771,1559030
03-08-2020,EUROPE,Shopify,C1,Existing,110,25571
27-07-2020,AFRICA,Shopify,F2,New,303,43750
27-07-2020,CANADA,Retail,F1,New,6262,225203
27-07-2020,USA,Shopify,F1,Existing,1311,242451
27-07-2020,EUROPE,Shopify,F3,Existing,119,30415
27-07-2020,CANADA,Shopify,C4,New,22,2629
27-07-2020,CANADA,Retail,null,Guest,387939,10778735
27-07-2020,OCEANIA,Retail,F3,Existing,543056,29438399
27-07-2020,SOUTH AMERICA,Retail,C2,Existing,997,38369
27-07-2020,SOUTH AMERICA,Shopify,C4,New,3,890
27-07-2020,CANADA,Shopify,C4,Existing,99,18960
27-07-2020,OCEANIA,Retail,F2,New,84615,2782614
27-07-2020,EUROPE,Shopify,F2,New,6,947
27-07-2020,CANADA,Retail,F2,Existing,60124,3198412
27-07-2020,OCEANIA,Shopify,C4,New,95,13149
27-07-2020,AFRICA,Shopify,C1,New,359,42767
27-07-2020,EUROPE,Retail,C2,New,2917,111206
27-07-2020,AFRICA,Retail,null,Guest,1562742,44339163
27-07-2020,USA,Shopify,F2,Existing,1963,377502
27-07-2020,USA,Retail,null,Guest,521424,16227305
27-07-2020,ASIA,Shopify,F2,New,270,31400
27-07-2020,EUROPE,Retail,C1,New,4424,138468
27-07-2020,AFRICA,Shopify,F3,Existing,2478,481821
27-07-2020,SOUTH AMERICA,Shopify,null,New,51,8501
27-07-2020,AFRICA,Retail,F3,Existing,401123,22325991
27-07-2020,ASIA,Retail,C3,Existing,243441,10930601
27-07-2020,ASIA,Shopify,C3,Existing,2009,376313
27-07-2020,EUROPE,Retail,F3,Existing,18574,1139273
27-07-2020,USA,Retail,F1,Existing,38680,2155696
27-07-2020,EUROPE,Shopify,C2,Existing,158,57870
27-07-2020,EUROPE,Shopify,F3,New,4,488
27-07-2020,OCEANIA,Retail,F1,Existing,143801,7019414
27-07-2020,EUROPE,Retail,C3,New,4338,186004
27-07-2020,SOUTH AMERICA,Retail,C4,New,242,9147
27-07-2020,SOUTH AMERICA,Shopify,C1,New,23,2815
27-07-2020,CANADA,Retail,C1,Existing,54937,2227148
27-07-2020,USA,Retail,F2,New,26087,943932
27-07-2020,CANADA,Retail,F2,New,16263,561667
27-07-2020,CANADA,Shopify,C1,New,125,13180
27-07-2020,SOUTH AMERICA,Shopify,F2,Existing,43,9010
27-07-2020,OCEANIA,Shopify,C3,Existing,4501,898086
27-07-2020,OCEANIA,Shopify,null,New,540,79612
27-07-2020,SOUTH AMERICA,Shopify,C3,New,24,4437
27-07-2020,CANADA,Shopify,null,Existing,88,14326
27-07-2020,USA,Retail,C3,Existing,102024,5667340
27-07-2020,EUROPE,Retail,C4,Existing,5400,292051
27-07-2020,ASIA,Retail,F1,New,28377,860633
27-07-2020,USA,Shopify,C1,New,196,24976
27-07-2020,ASIA,Retail,null,Guest,1899390,47765471
27-07-2020,OCEANIA,Retail,null,Guest,2418439,62928637
27-07-2020,EUROPE,Shopify,null,Guest,314,68474
27-07-2020,AFRICA,Retail,F1,New,21486,744488
27-07-2020,AFRICA,Retail,F2,Existing,271269,14326523
27-07-2020,EUROPE,Retail,null,Guest,102236,3572043
27-07-2020,ASIA,Shopify,F2,Existing,3004,534290
27-07-2020,USA,Retail,C2,Existing,42647,2078352
27-07-2020,USA,Shopify,C4,New,27,4561
27-07-2020,AFRICA,Shopify,null,New,359,57245
27-07-2020,SOUTH AMERICA,Retail,C3,Existing,1351,65898
27-07-2020,AFRICA,Retail,F1,Existing,96894,4968515
27-07-2020,SOUTH AMERICA,Shopify,F2,New,4,693
27-07-2020,CANADA,Retail,null,Existing,7621,348108
27-07-2020,ASIA,Shopify,C2,Existing,2226,385205
27-07-2020,OCEANIA,Shopify,C3,New,590,88599
27-07-2020,ASIA,Shopify,F1,Existing,2094,345413
27-07-2020,ASIA,Shopify,C4,New,56,6463
27-07-2020,OCEANIA,Shopify,F1,Existing,4216,767267
27-07-2020,EUROPE,Retail,null,Existing,2822,130785
27-07-2020,ASIA,Retail,C1,New,130668,2816617
27-07-2020,AFRICA,Shopify,C4,New,74,11402
27-07-2020,CANADA,Retail,C4,Existing,28751,1434938
27-07-2020,EUROPE,Shopify,F1,Existing,125,31048
27-07-2020,ASIA,Shopify,null,New,368,52621
27-07-2020,EUROPE,Retail,C4,New,1566,71342
27-07-2020,OCEANIA,Shopify,C1,New,572,67668
27-07-2020,SOUTH AMERICA,Retail,F3,New,280,8992
27-07-2020,OCEANIA,Retail,null,Existing,43186,1761105
27-07-2020,AFRICA,Shopify,C3,New,342,56183
27-07-2020,CANADA,Shopify,F3,Existing,663,121017
27-07-2020,AFRICA,Retail,C3,Existing,287543,14525044
27-07-2020,AFRICA,Retail,F2,New,61133,2081243
27-07-2020,EUROPE,Shopify,null,Existing,29,7741
27-07-2020,OCEANIA,Retail,C3,Existing,339391,16292370
27-07-2020,EUROPE,Shopify,C3,Existing,158,44064
27-07-2020,USA,Retail,F2,Existing,92982,5238225
27-07-2020,AFRICA,Shopify,C3,Existing,2626,518203
27-07-2020,CANADA,Retail,C4,New,11954,381937
27-07-2020,SOUTH AMERICA,Shopify,C4,Existing,8,1641
27-07-2020,ASIA,Retail,F2,Existing,216558,10346670
27-07-2020,USA,Retail,C2,New,26001,902697
27-07-2020,EUROPE,Shopify,null,New,15,5501
27-07-2020,ASIA,Retail,F3,Existing,395850,19734091
27-07-2020,OCEANIA,Retail,F1,New,38081,1216238
27-07-2020,EUROPE,Shopify,F1,New,4,748
27-07-2020,ASIA,Shopify,C1,Existing,1349,211344
27-07-2020,EUROPE,Retail,F3,New,1857,80619
27-07-2020,SOUTH AMERICA,Shopify,F1,Existing,61,14015
27-07-2020,ASIA,Retail,C4,Existing,108420,4762558
27-07-2020,SOUTH AMERICA,Retail,C1,Existing,3180,84123
27-07-2020,EUROPE,Retail,C2,Existing,9847,479626
27-07-2020,EUROPE,Shopify,C4,New,2,324
27-07-2020,SOUTH AMERICA,Retail,null,New,1204,41097
27-07-2020,CANADA,Shopify,C3,Existing,800,143714
27-07-2020,ASIA,Shopify,F1,New,218,25143
27-07-2020,ASIA,Retail,F3,New,83434,2554095
27-07-2020,CANADA,Shopify,C3,New,102,13259
27-07-2020,CANADA,Retail,C2,New,14594,465334
27-07-2020,USA,Retail,C4,New,17721,625767
27-07-2020,AFRICA,Shopify,C4,Existing,410,74509
27-07-2020,EUROPE,Retail,null,New,3076,137453
27-07-2020,EUROPE,Retail,C1,Existing,14583,645839
27-07-2020,ASIA,Shopify,C1,New,365,36418
27-07-2020,AFRICA,Retail,C1,New,96687,2404649
27-07-2020,AFRICA,Retail,C2,Existing,112726,4791080
27-07-2020,USA,Retail,F3,Existing,140669,8519454
27-07-2020,USA,Shopify,null,New,165,25411
27-07-2020,SOUTH AMERICA,Shopify,C2,New,49,7603
27-07-2020,USA,Shopify,C1,Existing,738,125858
27-07-2020,CANADA,Shopify,null,New,94,12923
27-07-2020,ASIA,Retail,C2,Existing,129305,4869206
27-07-2020,EUROPE,Shopify,C3,New,9,2186
27-07-2020,OCEANIA,Retail,C4,New,61586,1893294
27-07-2020,CANADA,Retail,F3,New,17907,626785
27-07-2020,USA,Shopify,F3,Existing,944,192040
27-07-2020,ASIA,Retail,F2,New,64697,1952513
27-07-2020,AFRICA,Shopify,null,Existing,356,64996
27-07-2020,ASIA,Shopify,C4,Existing,283,50162
27-07-2020,AFRICA,Shopify,F2,Existing,4804,898969
27-07-2020,EUROPE,Shopify,F2,Existing,209,43747
27-07-2020,CANADA,Shopify,F3,New,54,6222
27-07-2020,OCEANIA,Retail,C1,New,170052,3847398
27-07-2020,EUROPE,Retail,F2,New,1691,77439
27-07-2020,ASIA,Shopify,F3,New,134,17729
27-07-2020,USA,Shopify,C2,Existing,1377,259629
27-07-2020,OCEANIA,Shopify,F3,Existing,3781,760201
27-07-2020,ASIA,Shopify,null,Existing,346,61809
27-07-2020,USA,Retail,C3,New,45258,1717261
27-07-2020,SOUTH AMERICA,Retail,C3,New,912,34091
27-07-2020,SOUTH AMERICA,Retail,F1,Existing,762,29196
27-07-2020,USA,Retail,C1,New,35404,958758
27-07-2020,SOUTH AMERICA,Retail,C1,New,2402,49717
27-07-2020,EUROPE,Retail,F1,New,914,38774
27-07-2020,USA,Shopify,C3,New,189,28001
27-07-2020,SOUTH AMERICA,Retail,F3,Existing,1262,60902
27-07-2020,ASIA,Shopify,C2,New,507,61013
27-07-2020,CANADA,Shopify,null,Guest,1804,273835
27-07-2020,CANADA,Retail,C3,New,27444,938768
27-07-2020,SOUTH AMERICA,Shopify,C3,Existing,96,19467
27-07-2020,EUROPE,Shopify,C4,Existing,22,5460
27-07-2020,OCEANIA,Shopify,null,Existing,572,110373
27-07-2020,USA,Retail,null,New,21426,909661
27-07-2020,USA,Shopify,C4,Existing,156,28437
27-07-2020,OCEANIA,Shopify,F1,New,367,48699
27-07-2020,AFRICA,Shopify,C2,Existing,2542,468245
27-07-2020,EUROPE,Retail,C3,Existing,15934,879849
27-07-2020,CANADA,Shopify,F1,New,77,10463
27-07-2020,USA,Retail,C1,Existing,56812,2343529
27-07-2020,CANADA,Shopify,C2,New,117,13137
27-07-2020,USA,Shopify,F3,New,55,9224
27-07-2020,SOUTH AMERICA,Shopify,F3,New,4,683
27-07-2020,ASIA,Retail,C4,New,48855,1364098
27-07-2020,OCEANIA,Retail,null,New,78938,2727018
27-07-2020,CANADA,Retail,C1,New,29792,758731
27-07-2020,SOUTH AMERICA,Retail,F2,Existing,1197,60228
27-07-2020,USA,Shopify,F2,New,158,21978
27-07-2020,CANADA,Shopify,F1,Existing,785,127328
27-07-2020,AFRICA,Retail,null,New,55976,2197117
27-07-2020,ASIA,Retail,C1,Existing,184392,6082257
27-07-2020,SOUTH AMERICA,Shopify,F1,New,9,1557
27-07-2020,SOUTH AMERICA,Shopify,C1,Existing,68,11557
27-07-2020,OCEANIA,Shopify,C4,Existing,684,121037
27-07-2020,CANADA,Retail,C3,Existing,61349,3114811
27-07-2020,OCEANIA,Shopify,F2,New,421,58713
27-07-2020,OCEANIA,Retail,F3,New,104690,3502848
27-07-2020,USA,Shopify,null,Existing,167,34815
27-07-2020,USA,Retail,C4,Existing,40834,2196724
27-07-2020,SOUTH AMERICA,Retail,C4,Existing,350,15777
27-07-2020,USA,Shopify,C2,New,294,45882
27-07-2020,CANADA,Shopify,F2,Existing,1439,256948
27-07-2020,CANADA,Retail,null,New,14013,541837
27-07-2020,SOUTH AMERICA,Shopify,null,Existing,2,518
27-07-2020,ASIA,Shopify,null,Guest,6149,956986
27-07-2020,ASIA,Retail,C2,New,84664,2177934
27-07-2020,SOUTH AMERICA,Retail,null,Existing,251,7819
27-07-2020,AFRICA,Shopify,F1,New,199,26901
27-07-2020,OCEANIA,Shopify,C2,New,811,115041
27-07-2020,USA,Shopify,F1,New,122,17763
27-07-2020,ASIA,Shopify,F3,Existing,1915,363721
27-07-2020,ASIA,Retail,null,Existing,32986,1294690
27-07-2020,SOUTH AMERICA,Shopify,null,Guest,2253,402254
27-07-2020,AFRICA,Retail,F3,New,66818,2352527
27-07-2020,OCEANIA,Retail,C1,Existing,254183,8996748
27-07-2020,SOUTH AMERICA,Retail,F1,New,289,9475
27-07-2020,SOUTH AMERICA,Retail,F2,New,374,13271
27-07-2020,USA,Shopify,C3,Existing,1349,276061
27-07-2020,CANADA,Retail,F3,Existing,91992,5148958
27-07-2020,AFRICA,Retail,C4,New,46614,1565232
27-07-2020,AFRICA,Retail,null,Existing,33343,1423505
27-07-2020,CANADA,Retail,C2,Existing,23254,994755
27-07-2020,AFRICA,Shopify,C1,Existing,1732,267554
27-07-2020,CANADA,Shopify,C2,Existing,698,119940
27-07-2020,AFRICA,Shopify,F1,Existing,2624,459215
27-07-2020,OCEANIA,Shopify,F2,Existing,6522,1252642
27-07-2020,CANADA,Retail,F1,Existing,23648,1231092
27-07-2020,EUROPE,Retail,F2,Existing,13971,828615
27-07-2020,EUROPE,Shopify,C1,Existing,90,18496
27-07-2020,OCEANIA,Retail,C3,New,147928,4704044
27-07-2020,AFRICA,Shopify,F3,New,111,15121
27-07-2020,AFRICA,Retail,C3,New,109086,3843472
27-07-2020,ASIA,Retail,C3,New,115817,3469437
27-07-2020,OCEANIA,Retail,C2,New,107354,2863258
27-07-2020,USA,Retail,F1,New,10703,406531
27-07-2020,EUROPE,Shopify,C2,New,13,1737
27-07-2020,USA,Retail,F3,New,26599,1013638
27-07-2020,OCEANIA,Shopify,C2,Existing,4285,796270
27-07-2020,OCEANIA,Shopify,F3,New,208,28367
27-07-2020,EUROPE,Shopify,C1,New,11,1660
27-07-2020,OCEANIA,Shopify,null,Guest,10979,1875528
27-07-2020,ASIA,Retail,F1,Existing,93031,4311948
27-07-2020,AFRICA,Retail,C2,New,56886,1736775
27-07-2020,SOUTH AMERICA,Shopify,C2,Existing,128,23958
27-07-2020,SOUTH AMERICA,Retail,C2,New,927,28610
27-07-2020,OCEANIA,Shopify,C1,Existing,2707,456758
27-07-2020,SOUTH AMERICA,Shopify,F3,Existing,26,5975
27-07-2020,AFRICA,Shopify,C2,New,427,58978
27-07-2020,OCEANIA,Retail,F2,Existing,340535,17459996
27-07-2020,ASIA,Shopify,C3,New,322,45183
27-07-2020,AFRICA,Retail,C4,Existing,120677,6100395
27-07-2020,ASIA,Retail,null,New,63334,2115366
27-07-2020,EUROPE,Retail,F1,Existing,6653,377163
27-07-2020,AFRICA,Shopify,null,Guest,5926,987749
27-07-2020,CANADA,Shopify,F2,New,108,14741
27-07-2020,OCEANIA,Retail,C4,Existing,151108,7362940
27-07-2020,CANADA,Shopify,C1,Existing,611,93430
27-07-2020,USA,Retail,null,Existing,12803,621920
27-07-2020,SOUTH AMERICA,Retail,null,Guest,401841,16151906
27-07-2020,OCEANIA,Retail,C2,Existing,167538,6383831
27-07-2020,AFRICA,Retail,C1,Existing,183954,6745388
27-07-2020,USA,Shopify,null,Guest,2586,451063
20-07-2020,SOUTH AMERICA,Retail,F1,Existing,751,30585
20-07-2020,CANADA,Retail,C1,New,29858,765236
20-07-2020,SOUTH AMERICA,Shopify,C4,New,3,535
20-07-2020,CANADA,Retail,C3,Existing,61969,3159999
20-07-2020,ASIA,Shopify,null,Guest,5799,958916
20-07-2020,CANADA,Shopify,F1,Existing,792,133491
20-07-2020,USA,Shopify,F2,New,141,22310
20-07-2020,AFRICA,Retail,F3,Existing,403961,22455922
20-07-2020,EUROPE,Shopify,C2,Existing,173,43528
20-07-2020,ASIA,Shopify,F2,Existing,2991,548945
20-07-2020,AFRICA,Shopify,C2,Existing,2492,466447
20-07-2020,USA,Retail,F3,Existing,142889,8660088
20-07-2020,OCEANIA,Retail,C3,New,148131,4752004
20-07-2020,EUROPE,Shopify,F1,New,6,648
20-07-2020,CANADA,Retail,F1,Existing,24053,1247948
20-07-2020,CANADA,Retail,null,Existing,6739,301315
20-07-2020,OCEANIA,Shopify,C3,New,586,90978
20-07-2020,CANADA,Shopify,null,New,104,17126
20-07-2020,CANADA,Retail,null,Guest,390616,10895245
20-07-2020,SOUTH AMERICA,Retail,F1,New,250,9205
20-07-2020,SOUTH AMERICA,Retail,F2,New,490,16808
20-07-2020,SOUTH AMERICA,Shopify,C1,New,16,2387
20-07-2020,OCEANIA,Retail,F1,Existing,145700,7137877
20-07-2020,USA,Retail,C3,New,44630,1683788
20-07-2020,CANADA,Shopify,C4,New,18,2340
20-07-2020,EUROPE,Retail,F3,New,1977,90453
20-07-2020,ASIA,Shopify,F3,Existing,1962,363052
20-07-2020,OCEANIA,Shopify,F1,New,319,47791
20-07-2020,USA,Shopify,C4,New,37,4941
20-07-2020,OCEANIA,Retail,C4,New,62485,1919562
20-07-2020,CANADA,Shopify,C1,New,103,13052
20-07-2020,OCEANIA,Shopify,F3,Existing,3895,808511
20-07-2020,USA,Retail,F1,New,10989,417392
20-07-2020,EUROPE,Shopify,C2,New,13,2339
20-07-2020,SOUTH AMERICA,Shopify,F3,New,1,321
20-07-2020,USA,Retail,F2,Existing,94991,5427473
20-07-2020,ASIA,Retail,null,Guest,1899728,47972511
20-07-2020,AFRICA,Retail,F1,New,21499,747028
20-07-2020,SOUTH AMERICA,Retail,null,Guest,399140,16304351
20-07-2020,OCEANIA,Retail,C2,Existing,168889,6478915
20-07-2020,USA,Retail,F1,Existing,39769,2221054
20-07-2020,AFRICA,Retail,F1,Existing,98215,5112601
20-07-2020,ASIA,Retail,C3,New,116741,3496953
20-07-2020,SOUTH AMERICA,Retail,F3,Existing,1464,74015
20-07-2020,CANADA,Shopify,C2,New,132,16391
20-07-2020,AFRICA,Retail,C4,New,46708,1555754
20-07-2020,AFRICA,Shopify,null,New,360,55762
20-07-2020,CANADA,Shopify,C1,Existing,566,85120
20-07-2020,ASIA,Retail,C3,Existing,244576,10928664
20-07-2020,ASIA,Shopify,F1,Existing,2104,357691
20-07-2020,SOUTH AMERICA,Retail,C4,New,254,10487
20-07-2020,USA,Shopify,null,New,157,25173
20-07-2020,AFRICA,Shopify,C1,New,286,33904
20-07-2020,ASIA,Shopify,C4,Existing,304,50749
20-07-2020,CANADA,Retail,C1,Existing,55690,2261549
20-07-2020,SOUTH AMERICA,Shopify,C2,Existing,138,26800
20-07-2020,OCEANIA,Retail,C3,Existing,342565,16500877
20-07-2020,EUROPE,Shopify,C3,Existing,174,57555
20-07-2020,CANADA,Shopify,F2,Existing,1349,245938
20-07-2020,USA,Retail,null,Guest,527246,16421119
20-07-2020,EUROPE,Retail,null,Existing,2589,126640
20-07-2020,AFRICA,Retail,C2,Existing,112937,4795261
20-07-2020,AFRICA,Shopify,C4,New,66,9306
20-07-2020,ASIA,Retail,C2,Existing,129606,4870216
20-07-2020,EUROPE,Shopify,C3,New,17,2759
20-07-2020,OCEANIA,Shopify,F2,Existing,6611,1294153
20-07-2020,USA,Retail,F2,New,26523,972506
20-07-2020,USA,Shopify,C1,New,177,22746
20-07-2020,EUROPE,Shopify,C1,Existing,108,22396
20-07-2020,EUROPE,Retail,C2,Existing,9955,499512
20-07-2020,EUROPE,Shopify,F1,Existing,133,28133
20-07-2020,USA,Retail,C1,New,35843,981310
20-07-2020,CANADA,Shopify,null,Guest,1662,262802
20-07-2020,AFRICA,Shopify,F3,New,119,17623
20-07-2020,ASIA,Retail,null,New,60705,2028159
20-07-2020,ASIA,Retail,F2,Existing,219617,10573661
20-07-2020,ASIA,Shopify,C1,Existing,1295,203596
20-07-2020,ASIA,Shopify,C4,New,48,6437
20-07-2020,OCEANIA,Shopify,null,Guest,10478,1833024
20-07-2020,AFRICA,Retail,F3,New,66305,2342177
20-07-2020,CANADA,Retail,F2,New,16791,587888
20-07-2020,SOUTH AMERICA,Retail,F2,Existing,1341,61697
20-07-2020,AFRICA,Shopify,C3,New,333,51862
20-07-2020,ASIA,Retail,F1,Existing,93579,4365281
20-07-2020,AFRICA,Retail,F2,New,61379,2123835
20-07-2020,OCEANIA,Retail,C1,New,168697,3829214
20-07-2020,EUROPE,Shopify,C1,New,12,2814
20-07-2020,AFRICA,Retail,C3,Existing,288221,14519356
20-07-2020,ASIA,Retail,F2,New,65432,2006512
20-07-2020,USA,Shopify,F1,New,127,19444
20-07-2020,SOUTH AMERICA,Shopify,F1,New,13,2628
20-07-2020,ASIA,Shopify,F2,New,238,30479
20-07-2020,EUROPE,Retail,null,New,2897,130422
20-07-2020,AFRICA,Shopify,F1,Existing,2627,468073
20-07-2020,ASIA,Retail,C1,Existing,184961,6109826
20-07-2020,AFRICA,Retail,C1,New,97115,2405671
20-07-2020,ASIA,Shopify,null,Existing,299,53982
20-07-2020,USA,Shopify,C2,Existing,1362,255741
20-07-2020,CANADA,Shopify,F2,New,100,14549
20-07-2020,SOUTH AMERICA,Shopify,F2,Existing,33,6543
20-07-2020,OCEANIA,Retail,F1,New,38806,1256163
20-07-2020,ASIA,Retail,F3,Existing,399332,19892631
20-07-2020,SOUTH AMERICA,Shopify,C4,Existing,8,1541
20-07-2020,EUROPE,Shopify,F2,Existing,235,50526
20-07-2020,USA,Shopify,F3,New,53,7925
20-07-2020,OCEANIA,Retail,F2,New,85243,2810528
20-07-2020,OCEANIA,Shopify,C1,New,510,61889
20-07-2020,EUROPE,Shopify,F2,New,6,711
20-07-2020,EUROPE,Retail,C3,Existing,15943,901515
20-07-2020,ASIA,Shopify,F3,New,132,18424
20-07-2020,AFRICA,Retail,null,Guest,1556709,44121039
20-07-2020,USA,Shopify,F2,Existing,2011,385373
20-07-2020,USA,Shopify,C3,New,182,28481
20-07-2020,EUROPE,Shopify,null,Existing,28,7894
20-07-2020,USA,Retail,null,New,20817,881857
20-07-2020,ASIA,Retail,F1,New,28846,900625
20-07-2020,USA,Retail,null,Existing,11654,574668
20-07-2020,ASIA,Shopify,C3,New,324,48582
20-07-2020,AFRICA,Retail,C3,New,108595,3781770
20-07-2020,SOUTH AMERICA,Shopify,C2,New,54,8183
20-07-2020,AFRICA,Shopify,F2,Existing,4727,900090
20-07-2020,ASIA,Shopify,C1,New,324,34344
20-07-2020,OCEANIA,Shopify,C3,Existing,4580,913548
20-07-2020,USA,Retail,C3,Existing,103326,5766441
20-07-2020,USA,Shopify,null,Guest,2592,455358
20-07-2020,EUROPE,Retail,C4,Existing,5525,302831
20-07-2020,CANADA,Retail,C4,New,12210,391534
20-07-2020,AFRICA,Shopify,F3,Existing,2445,491853
20-07-2020,AFRICA,Retail,null,Existing,30196,1305104
20-07-2020,EUROPE,Retail,F2,New,1717,76690
20-07-2020,SOUTH AMERICA,Retail,null,New,1170,44311
20-07-2020,CANADA,Retail,C2,New,14538,455505
20-07-2020,EUROPE,Retail,F1,New,907,37911
20-07-2020,ASIA,Retail,C4,New,49765,1413519
20-07-2020,EUROPE,Retail,C3,New,4432,192113
20-07-2020,SOUTH AMERICA,Shopify,F2,New,6,599
20-07-2020,ASIA,Retail,C4,Existing,109828,4803614
20-07-2020,SOUTH AMERICA,Retail,C1,Existing,3128,86532
20-07-2020,ASIA,Shopify,C2,New,473,59062
20-07-2020,CANADA,Retail,null,New,13044,514992
20-07-2020,OCEANIA,Shopify,F2,New,442,65445
20-07-2020,ASIA,Shopify,C2,Existing,2249,393626
20-07-2020,EUROPE,Retail,C2,New,2921,114339
20-07-2020,SOUTH AMERICA,Retail,C3,Existing,1409,65844
20-07-2020,EUROPE,Shopify,null,Guest,333,87400
20-07-2020,AFRICA,Retail,C2,New,56502,1715278
20-07-2020,SOUTH AMERICA,Retail,C2,New,962,29964
20-07-2020,AFRICA,Shopify,C1,Existing,1661,262746
20-07-2020,CANADA,Shopify,F3,Existing,701,131032
20-07-2020,EUROPE,Retail,F2,Existing,14282,898406
20-07-2020,USA,Shopify,C3,Existing,1495,315154
20-07-2020,SOUTH AMERICA,Shopify,C3,Existing,98,19477
20-07-2020,CANADA,Shopify,null,Existing,83,13028
20-07-2020,SOUTH AMERICA,Retail,null,Existing,157,6046
20-07-2020,SOUTH AMERICA,Shopify,C1,Existing,69,11678
20-07-2020,AFRICA,Shopify,C2,New,401,54568
20-07-2020,USA,Retail,C4,New,17848,630502
20-07-2020,OCEANIA,Shopify,F3,New,207,29543
20-07-2020,CANADA,Retail,F2,Existing,60672,3213486
20-07-2020,SOUTH AMERICA,Retail,F3,New,319,11698
20-07-2020,OCEANIA,Shopify,C1,Existing,2657,450393
20-07-2020,SOUTH AMERICA,Shopify,F3,Existing,30,6650
20-07-2020,SOUTH AMERICA,Shopify,null,New,47,7401
20-07-2020,CANADA,Shopify,C3,New,111,15325
20-07-2020,EUROPE,Retail,null,Guest,102644,3684970
20-07-2020,SOUTH AMERICA,Shopify,F1,Existing,71,15964
20-07-2020,SOUTH AMERICA,Retail,C2,Existing,965,38296
20-07-2020,CANADA,Retail,C2,Existing,23244,988683
20-07-2020,SOUTH AMERICA,Retail,C1,New,2451,51488
20-07-2020,SOUTH AMERICA,Retail,C4,Existing,353,16866
20-07-2020,CANADA,Shopify,C4,Existing,107,20881
20-07-2020,EUROPE,Retail,C4,New,1685,72445
20-07-2020,SOUTH AMERICA,Retail,C3,New,948,36563
20-07-2020,EUROPE,Shopify,null,New,11,3660
20-07-2020,OCEANIA,Shopify,C2,Existing,4430,838393
20-07-2020,USA,Shopify,F1,Existing,1355,250899
20-07-2020,EUROPE,Shopify,F3,Existing,117,28946
20-07-2020,USA,Shopify,C1,Existing,777,126503
20-07-2020,USA,Shopify,C4,Existing,161,28783
20-07-2020,AFRICA,Shopify,F2,New,281,42955
20-07-2020,CANADA,Retail,F3,Existing,92781,5186278
20-07-2020,AFRICA,Shopify,null,Guest,5577,954335
20-07-2020,USA,Retail,C1,Existing,57357,2379963
20-07-2020,OCEANIA,Shopify,C4,Existing,664,118008
20-07-2020,CANADA,Shopify,C3,Existing,859,157675
20-07-2020,AFRICA,Retail,null,New,53355,2090463
20-07-2020,AFRICA,Shopify,F1,New,190,29267
20-07-2020,EUROPE,Retail,F1,Existing,6942,408602
20-07-2020,USA,Retail,F3,New,26934,1037553
20-07-2020,OCEANIA,Shopify,F1,Existing,4151,759300
20-07-2020,OCEANIA,Shopify,null,Existing,525,100530
20-07-2020,OCEANIA,Retail,C4,Existing,153684,7433604
20-07-2020,CANADA,Retail,C3,New,27524,942427
20-07-2020,EUROPE,Shopify,C4,Existing,25,5092
20-07-2020,OCEANIA,Retail,null,Existing,38245,1567314
20-07-2020,ASIA,Retail,F3,New,83509,2561268
20-07-2020,ASIA,Retail,C2,New,84760,2191069
20-07-2020,USA,Shopify,C2,New,264,45739
20-07-2020,AFRICA,Retail,C1,Existing,185960,6836676
20-07-2020,ASIA,Shopify,C3,Existing,2071,404284
20-07-2020,ASIA,Retail,C1,New,130249,2829983
20-07-2020,EUROPE,Retail,C1,New,4503,138830
20-07-2020,CANADA,Retail,F1,New,6249,218584
20-07-2020,EUROPE,Shopify,F3,New,4,764
20-07-2020,AFRICA,Retail,F2,Existing,275050,14689469
20-07-2020,USA,Retail,C2,New,25856,901385
20-07-2020,SOUTH AMERICA,Shopify,null,Existing,1,142
20-07-2020,EUROPE,Retail,F3,Existing,18807,1178759
20-07-2020,AFRICA,Retail,C4,Existing,121033,6082823
20-07-2020,OCEANIA,Retail,F3,New,104611,3493943
20-07-2020,OCEANIA,Retail,null,New,75459,2610325
20-07-2020,CANADA,Retail,F3,New,18018,634416
20-07-2020,ASIA,Shopify,null,New,341,51774
20-07-2020,AFRICA,Shopify,C4,Existing,416,76985
20-07-2020,CANADA,Shopify,C2,Existing,762,130177
20-07-2020,ASIA,Shopify,F1,New,199,25035
20-07-2020,OCEANIA,Retail,F2,Existing,345719,17956144
20-07-2020,OCEANIA,Retail,C2,New,108042,2900766
20-07-2020,CANADA,Retail,C4,Existing,28874,1419658
20-07-2020,USA,Retail,C4,Existing,41248,2218243
20-07-2020,OCEANIA,Retail,null,Guest,2418504,63336353
20-07-2020,SOUTH AMERICA,Shopify,C3,New,25,3511
20-07-2020,EUROPE,Shopify,C4,New,1,406
20-07-2020,OCEANIA,Shopify,null,New,525,83884
20-07-2020,CANADA,Shopify,F3,New,38,5886
20-07-2020,OCEANIA,Shopify,C2,New,789,112544
20-07-2020,OCEANIA,Shopify,C4,New,96,12960
20-07-2020,EUROPE,Retail,C1,Existing,15098,680965
20-07-2020,AFRICA,Shopify,null,Existing,283,51745
20-07-2020,USA,Shopify,null,Existing,160,31243
20-07-2020,USA,Shopify,F3,Existing,996,203880
20-07-2020,OCEANIA,Retail,F3,Existing,550341,30028424
20-07-2020,ASIA,Retail,null,Existing,29177,1150712
20-07-2020,OCEANIA,Retail,C1,Existing,255770,9117643
20-07-2020,CANADA,Shopify,F1,New,57,7501
20-07-2020,USA,Retail,C2,Existing,43247,2104602
20-07-2020,AFRICA,Shopify,C3,Existing,2680,531587
20-07-2020,SOUTH AMERICA,Shopify,null,Guest,2085,383264
13-07-2020,OCEANIA,Shopify,C1,New,395,48791
13-07-2020,USA,Shopify,C4,Existing,167,30885
13-07-2020,CANADA,Shopify,C2,Existing,703,120331
13-07-2020,ASIA,Shopify,C1,New,231,30243
13-07-2020,CANADA,Shopify,C2,New,96,14192
13-07-2020,AFRICA,Shopify,C1,Existing,1557,247610
13-07-2020,USA,Shopify,F3,New,36,7170
13-07-2020,AFRICA,Shopify,C1,New,248,30552
13-07-2020,USA,Retail,C2,New,25914,869174
13-07-2020,SOUTH AMERICA,Retail,C2,New,864,25065
13-07-2020,SOUTH AMERICA,Shopify,null,Guest,2040,382504
13-07-2020,ASIA,Retail,F2,Existing,225483,11076975
13-07-2020,ASIA,Shopify,C3,New,240,36246
13-07-2020,CANADA,Shopify,C3,Existing,809,148571
13-07-2020,SOUTH AMERICA,Retail,C1,Existing,3144,87265
13-07-2020,OCEANIA,Shopify,C1,Existing,2638,454018
13-07-2020,EUROPE,Shopify,F2,Existing,206,46406
13-07-2020,CANADA,Retail,C1,Existing,56403,2339853
13-07-2020,OCEANIA,Shopify,C2,New,623,96182
13-07-2020,USA,Shopify,F1,New,85,13601
13-07-2020,CANADA,Retail,F3,New,17528,610452
13-07-2020,SOUTH AMERICA,Shopify,F3,Existing,27,6339
13-07-2020,OCEANIA,Shopify,F2,Existing,6482,1297733
13-07-2020,CANADA,Shopify,C1,Existing,563,88441
13-07-2020,ASIA,Shopify,F3,New,102,16202
13-07-2020,USA,Retail,F2,Existing,97479,5634892
13-07-2020,USA,Retail,C4,Existing,41992,2271620
13-07-2020,USA,Shopify,C2,New,209,45008
13-07-2020,CANADA,Retail,null,New,13198,534888
13-07-2020,USA,Shopify,null,Existing,147,31710
13-07-2020,AFRICA,Shopify,null,New,324,53306
13-07-2020,ASIA,Shopify,C1,Existing,1279,208790
13-07-2020,CANADA,Shopify,null,Guest,1566,261616
13-07-2020,AFRICA,Shopify,C2,New,333,49934
13-07-2020,CANADA,Retail,C2,Existing,23646,1030211
13-07-2020,EUROPE,Retail,F2,New,1723,77172
13-07-2020,AFRICA,Retail,F3,New,65707,2293030
13-07-2020,SOUTH AMERICA,Shopify,F3,New,2,262
13-07-2020,ASIA,Retail,C3,New,115487,3438800
13-07-2020,SOUTH AMERICA,Retail,C1,New,2421,51812
13-07-2020,OCEANIA,Retail,F1,Existing,146577,7366350
13-07-2020,USA,Shopify,null,Guest,2416,427409
13-07-2020,ASIA,Shopify,C2,New,367,53782
13-07-2020,AFRICA,Retail,C4,New,46126,1537432
13-07-2020,OCEANIA,Retail,C1,Existing,256983,9184537
13-07-2020,EUROPE,Retail,F2,Existing,14544,904637
13-07-2020,EUROPE,Shopify,C4,New,1,99
13-07-2020,SOUTH AMERICA,Shopify,null,Existing,2,628
13-07-2020,EUROPE,Retail,C1,New,4584,138829
13-07-2020,AFRICA,Retail,C2,New,56401,1705837
13-07-2020,OCEANIA,Shopify,null,Guest,9945,1777046
13-07-2020,SOUTH AMERICA,Retail,null,Guest,394544,16237365
13-07-2020,ASIA,Shopify,F2,New,182,27111
13-07-2020,SOUTH AMERICA,Shopify,F1,Existing,62,15086
13-07-2020,CANADA,Retail,F1,New,6233,225735
13-07-2020,OCEANIA,Shopify,C3,New,512,82911
13-07-2020,CANADA,Retail,null,Existing,5987,276727
13-07-2020,SOUTH AMERICA,Retail,C3,New,866,32885
13-07-2020,USA,Retail,C1,New,35213,927603
13-07-2020,OCEANIA,Shopify,C4,Existing,698,127850
13-07-2020,CANADA,Shopify,C3,New,73,10187
13-07-2020,EUROPE,Retail,C2,Existing,9986,484385
13-07-2020,ASIA,Retail,null,New,58675,1992524
13-07-2020,AFRICA,Retail,C4,Existing,123182,6286942
13-07-2020,EUROPE,Retail,F1,Existing,6950,402486
13-07-2020,ASIA,Shopify,F1,New,141,18989
13-07-2020,CANADA,Retail,C4,Existing,29631,1467152
13-07-2020,USA,Retail,F3,New,26155,973799
13-07-2020,SOUTH AMERICA,Retail,F1,New,239,8925
13-07-2020,EUROPE,Shopify,C2,New,15,2788
13-07-2020,SOUTH AMERICA,Retail,F3,Existing,1311,69461
13-07-2020,USA,Shopify,C3,New,171,26225
13-07-2020,AFRICA,Retail,C1,Existing,189344,7021479
13-07-2020,OCEANIA,Retail,C4,Existing,154970,7596305
13-07-2020,USA,Shopify,C3,Existing,1369,287330
13-07-2020,EUROPE,Shopify,C4,Existing,24,6044
13-07-2020,USA,Retail,null,Existing,11018,548145
13-07-2020,CANADA,Shopify,C4,Existing,112,21431
13-07-2020,AFRICA,Shopify,C3,New,265,42355
13-07-2020,ASIA,Shopify,C2,Existing,2240,397661
13-07-2020,CANADA,Retail,C3,Existing,62999,3208705
13-07-2020,CANADA,Retail,null,Guest,386267,11018161
13-07-2020,AFRICA,Shopify,null,Guest,5475,957155
13-07-2020,OCEANIA,Shopify,F1,Existing,4148,778485
13-07-2020,USA,Retail,F1,Existing,40791,2327655
13-07-2020,SOUTH AMERICA,Retail,F1,Existing,780,32639
13-07-2020,EUROPE,Shopify,C2,Existing,168,44500
13-07-2020,EUROPE,Retail,C3,Existing,16467,900277
13-07-2020,OCEANIA,Retail,C1,New,163943,3663206
13-07-2020,EUROPE,Shopify,C1,New,13,2071
13-07-2020,CANADA,Shopify,null,Existing,92,15152
13-07-2020,ASIA,Retail,C4,Existing,111944,4939910
13-07-2020,AFRICA,Retail,null,Existing,28394,1242031
13-07-2020,OCEANIA,Retail,null,New,71098,2508549
13-07-2020,EUROPE,Shopify,null,New,11,3949
13-07-2020,ASIA,Retail,F3,Existing,405264,20451621
13-07-2020,OCEANIA,Retail,F1,New,37699,1218901
13-07-2020,AFRICA,Shopify,C4,Existing,404,78140
13-07-2020,OCEANIA,Shopify,F3,Existing,3655,758975
13-07-2020,ASIA,Shopify,null,Existing,313,59903
13-07-2020,AFRICA,Retail,null,Guest,1560736,44802868
13-07-2020,OCEANIA,Retail,F2,Existing,341524,18450930
13-07-2020,AFRICA,Retail,F3,Existing,411666,23167749
13-07-2020,AFRICA,Shopify,F2,Existing,4747,924179
13-07-2020,OCEANIA,Shopify,null,New,429,76284
13-07-2020,OCEANIA,Retail,C4,New,61033,1845511
13-07-2020,SOUTH AMERICA,Shopify,C4,New,5,646
13-07-2020,CANADA,Shopify,null,New,73,9935
13-07-2020,AFRICA,Retail,null,New,51891,2062235
13-07-2020,ASIA,Retail,C1,Existing,186732,6201048
13-07-2020,OCEANIA,Retail,C2,Existing,170176,6523810
13-07-2020,CANADA,Retail,C4,New,12175,395622
13-07-2020,SOUTH AMERICA,Shopify,C4,Existing,7,1431
13-07-2020,AFRICA,Shopify,F3,New,85,12426
13-07-2020,CANADA,Shopify,F2,New,84,13157
13-07-2020,OCEANIA,Retail,C3,New,144348,4545904
13-07-2020,EUROPE,Shopify,C3,New,10,2302
13-07-2020,AFRICA,Retail,C1,New,97163,2412479
13-07-2020,EUROPE,Retail,F3,Existing,19105,1171916
13-07-2020,ASIA,Retail,F2,New,65303,2022224
13-07-2020,ASIA,Retail,C2,Existing,132043,5019353
13-07-2020,ASIA,Shopify,C4,New,45,6230
13-07-2020,SOUTH AMERICA,Shopify,C1,New,15,2076
13-07-2020,AFRICA,Shopify,F1,Existing,2560,465865
13-07-2020,CANADA,Retail,C3,New,27462,943502
13-07-2020,SOUTH AMERICA,Shopify,C3,Existing,100,20398
13-07-2020,SOUTH AMERICA,Shopify,C3,New,21,2809
13-07-2020,CANADA,Shopify,F1,Existing,761,128777
13-07-2020,OCEANIA,Shopify,null,Existing,480,95696
13-07-2020,USA,Retail,C1,Existing,58471,2428237
13-07-2020,SOUTH AMERICA,Shopify,F2,New,6,810
13-07-2020,SOUTH AMERICA,Shopify,F1,New,6,951
13-07-2020,USA,Shopify,F3,Existing,983,203721
13-07-2020,EUROPE,Retail,C4,New,1635,66542
13-07-2020,ASIA,Shopify,C4,Existing,270,51253
13-07-2020,CANADA,Shopify,F3,Existing,625,121988
13-07-2020,USA,Retail,F3,Existing,144613,8718318
13-07-2020,ASIA,Retail,C3,Existing,249602,11278570
13-07-2020,EUROPE,Retail,null,New,2973,134366
13-07-2020,EUROPE,Retail,C2,New,2817,104778
13-07-2020,EUROPE,Shopify,null,Existing,21,5037
13-07-2020,USA,Retail,C3,Existing,105887,5907907
13-07-2020,CANADA,Retail,F2,New,17077,621486
13-07-2020,USA,Shopify,F2,Existing,2000,396651
13-07-2020,SOUTH AMERICA,Shopify,F2,Existing,32,7526
13-07-2020,EUROPE,Retail,C1,Existing,15331,671849
13-07-2020,AFRICA,Shopify,F3,Existing,2373,485832
13-07-2020,ASIA,Retail,F3,New,82084,2507560
13-07-2020,CANADA,Retail,C2,New,14654,487888
13-07-2020,OCEANIA,Retail,null,Guest,2389737,63001301
13-07-2020,EUROPE,Retail,F1,New,894,37420
13-07-2020,ASIA,Retail,null,Existing,27058,1095973
13-07-2020,SOUTH AMERICA,Retail,C4,Existing,355,16777
13-07-2020,AFRICA,Retail,F2,Existing,283477,15425208
13-07-2020,ASIA,Shopify,C3,Existing,2066,395280
13-07-2020,USA,Retail,C3,New,44846,1681668
13-07-2020,ASIA,Retail,C1,New,126455,2730242
13-07-2020,USA,Shopify,C1,New,145,17859
13-07-2020,SOUTH AMERICA,Retail,F2,New,397,15809
13-07-2020,AFRICA,Shopify,F2,New,234,37446
13-07-2020,ASIA,Retail,C2,New,84484,2175831
13-07-2020,SOUTH AMERICA,Retail,null,Existing,154,5827
13-07-2020,USA,Shopify,C2,Existing,1353,255907
13-07-2020,CANADA,Shopify,F1,New,60,8846
13-07-2020,EUROPE,Shopify,F3,Existing,121,27834
13-07-2020,CANADA,Retail,F2,Existing,60570,3419492
13-07-2020,EUROPE,Shopify,F1,New,6,888
13-07-2020,OCEANIA,Shopify,C4,New,88,13327
13-07-2020,CANADA,Shopify,F2,Existing,1385,265155
13-07-2020,EUROPE,Shopify,F3,New,2,411
13-07-2020,CANADA,Shopify,C4,New,18,2891
13-07-2020,USA,Retail,C2,Existing,44366,2220667
13-07-2020,SOUTH AMERICA,Retail,C2,Existing,999,38172
13-07-2020,OCEANIA,Shopify,F2,New,359,60346
13-07-2020,OCEANIA,Shopify,F3,New,170,29702
13-07-2020,SOUTH AMERICA,Shopify,C2,Existing,139,25941
13-07-2020,SOUTH AMERICA,Retail,F3,New,273,9451
13-07-2020,EUROPE,Shopify,F2,New,12,4967
13-07-2020,SOUTH AMERICA,Retail,C4,New,218,8528
13-07-2020,OCEANIA,Retail,C2,New,105907,2793023
13-07-2020,USA,Retail,F1,New,10859,415888
13-07-2020,SOUTH AMERICA,Shopify,null,New,32,5405
13-07-2020,EUROPE,Retail,F3,New,1797,72072
13-07-2020,ASIA,Shopify,F1,Existing,2050,355457
13-07-2020,ASIA,Shopify,F3,Existing,1842,363221
13-07-2020,OCEANIA,Shopify,F1,New,239,36995
13-07-2020,AFRICA,Shopify,null,Existing,301,55928
13-07-2020,SOUTH AMERICA,Shopify,C2,New,39,7204
13-07-2020,EUROPE,Retail,null,Guest,102553,3613209
13-07-2020,CANADA,Shopify,F3,New,32,4452
13-07-2020,OCEANIA,Retail,F3,Existing,544718,29869624
13-07-2020,EUROPE,Shopify,C1,Existing,104,24277
13-07-2020,AFRICA,Shopify,C4,New,47,7162
13-07-2020,AFRICA,Retail,F2,New,61945,2164852
13-07-2020,USA,Shopify,C4,New,22,3383
13-07-2020,AFRICA,Retail,C3,New,108345,3764621
13-07-2020,AFRICA,Shopify,C2,Existing,2483,466244
13-07-2020,OCEANIA,Retail,F2,New,83671,2813286
13-07-2020,AFRICA,Retail,C3,Existing,293075,14887954
13-07-2020,USA,Shopify,null,New,156,27048
13-07-2020,AFRICA,Shopify,C3,Existing,2651,533372
13-07-2020,AFRICA,Retail,F1,Existing,100580,5319015
13-07-2020,USA,Shopify,F2,New,120,18908
13-07-2020,USA,Retail,null,New,20108,854972
13-07-2020,ASIA,Shopify,null,New,301,41515
13-07-2020,EUROPE,Shopify,F1,Existing,123,26915
13-07-2020,USA,Shopify,C1,Existing,751,127595
13-07-2020,OCEANIA,Shopify,C2,Existing,4343,838771
13-07-2020,USA,Shopify,F1,Existing,1324,246000
13-07-2020,EUROPE,Retail,null,Existing,2563,122860
13-07-2020,USA,Retail,null,Guest,525638,16383497
13-07-2020,EUROPE,Retail,C3,New,4362,191574
13-07-2020,EUROPE,Shopify,C3,Existing,170,54946
13-07-2020,ASIA,Shopify,null,Guest,5590,987561
13-07-2020,ASIA,Shopify,F2,Existing,2917,548742
13-07-2020,AFRICA,Retail,C2,Existing,115234,4912598
13-07-2020,ASIA,Retail,F1,New,28054,865051
13-07-2020,CANADA,Retail,C1,New,29073,747675
13-07-2020,SOUTH AMERICA,Retail,F2,Existing,1266,59774
13-07-2020,USA,Retail,C4,New,17696,620006
13-07-2020,CANADA,Retail,F3,Existing,93456,5316146
13-07-2020,ASIA,Retail,C4,New,48202,1342915
13-07-2020,USA,Retail,F2,New,26626,970777
13-07-2020,ASIA,Retail,null,Guest,1881379,47998436
13-07-2020,AFRICA,Retail,F1,New,21614,754615
13-07-2020,EUROPE,Shopify,null,Guest,325,71708
13-07-2020,CANADA,Shopify,C1,New,90,11607
13-07-2020,OCEANIA,Shopify,C3,Existing,4494,911580
13-07-2020,EUROPE,Retail,C4,Existing,5891,316385
13-07-2020,SOUTH AMERICA,Retail,C3,Existing,1388,70101
13-07-2020,AFRICA,Shopify,F1,New,143,22973
13-07-2020,ASIA,Retail,F1,Existing,95750,4559524
13-07-2020,OCEANIA,Retail,C3,Existing,344300,16584641
13-07-2020,SOUTH AMERICA,Shopify,C1,Existing,66,12871
13-07-2020,OCEANIA,Retail,F3,New,100302,3314632
13-07-2020,OCEANIA,Retail,null,Existing,35564,1487649
13-07-2020,CANADA,Retail,F1,Existing,24290,1307322
13-07-2020,SOUTH AMERICA,Retail,null,New,1063,39761
06-07-2020,USA,Shopify,C3,Existing,1326,275749
06-07-2020,AFRICA,Retail,C1,Existing,188285,7059529
06-07-2020,SOUTH AMERICA,Shopify,F1,Existing,55,12375
06-07-2020,ASIA,Shopify,C2,Existing,2015,359403
06-07-2020,ASIA,Retail,null,Guest,1902289,48780231
06-07-2020,OCEANIA,Retail,C4,Existing,155875,7647467
06-07-2020,CANADA,Retail,C3,New,27495,969187
06-07-2020,EUROPE,Shopify,C4,Existing,21,6400
06-07-2020,SOUTH AMERICA,Shopify,F3,Existing,26,4994
06-07-2020,OCEANIA,Shopify,null,Guest,8865,1582259
06-07-2020,USA,Retail,null,Existing,13120,668776
06-07-2020,SOUTH AMERICA,Retail,null,Existing,241,8083
06-07-2020,CANADA,Retail,F1,New,6531,244785
06-07-2020,USA,Retail,F3,New,26655,1018034
06-07-2020,OCEANIA,Shopify,null,Existing,472,88857
06-07-2020,OCEANIA,Retail,F3,New,100445,3282052
06-07-2020,EUROPE,Shopify,F3,New,2,255
06-07-2020,EUROPE,Retail,C2,New,2914,110244
06-07-2020,AFRICA,Shopify,null,Guest,5043,887999
06-07-2020,SOUTH AMERICA,Retail,C2,Existing,1042,42032
06-07-2020,EUROPE,Shopify,null,New,9,3455
06-07-2020,CANADA,Retail,null,Guest,390104,11138070
06-07-2020,OCEANIA,Shopify,C2,Existing,3808,721874
06-07-2020,USA,Shopify,F1,Existing,1372,256827
06-07-2020,EUROPE,Retail,C1,Existing,15185,682100
06-07-2020,SOUTH AMERICA,Retail,C3,New,954,37050
06-07-2020,AFRICA,Shopify,null,Existing,286,55662
06-07-2020,AFRICA,Retail,C4,Existing,122690,6214520
06-07-2020,CANADA,Shopify,C3,Existing,739,136436
06-07-2020,CANADA,Shopify,F1,Existing,699,115555
06-07-2020,ASIA,Retail,F3,Existing,402843,20474557
06-07-2020,OCEANIA,Retail,F1,New,38347,1241439
06-07-2020,OCEANIA,Retail,null,New,75471,2622537
06-07-2020,ASIA,Shopify,F3,Existing,1643,325193
06-07-2020,OCEANIA,Shopify,F1,New,234,36344
06-07-2020,OCEANIA,Shopify,C3,New,394,61436
06-07-2020,SOUTH AMERICA,Shopify,F2,New,2,609
06-07-2020,OCEANIA,Retail,C1,Existing,254217,9068336
06-07-2020,EUROPE,Shopify,C1,Existing,100,23347
06-07-2020,USA,Retail,C3,New,45285,1710069
06-07-2020,EUROPE,Retail,F2,Existing,14377,906114
06-07-2020,EUROPE,Shopify,C4,New,2,182
06-07-2020,SOUTH AMERICA,Shopify,F2,Existing,36,6882
06-07-2020,CANADA,Shopify,C1,New,77,9201
06-07-2020,OCEANIA,Retail,C2,New,105544,2781013
06-07-2020,OCEANIA,Retail,null,Existing,43104,1797035
06-07-2020,AFRICA,Retail,C1,New,95363,2380924
06-07-2020,CANADA,Retail,F2,New,16854,622949
06-07-2020,AFRICA,Retail,F1,New,22384,803916
06-07-2020,USA,Retail,C3,Existing,107017,6004542
06-07-2020,EUROPE,Retail,C4,Existing,5736,311406
06-07-2020,USA,Shopify,C3,New,153,25697
06-07-2020,AFRICA,Shopify,F3,Existing,2090,439785
06-07-2020,SOUTH AMERICA,Retail,F3,Existing,1424,69555
06-07-2020,USA,Shopify,C2,Existing,1332,258887
06-07-2020,USA,Retail,C2,Existing,44601,2195016
06-07-2020,AFRICA,Retail,null,Existing,34365,1555479
06-07-2020,USA,Retail,null,New,21634,924200
06-07-2020,USA,Shopify,F1,New,108,15166
06-07-2020,ASIA,Retail,C3,New,115402,3429645
06-07-2020,CANADA,Shopify,null,Guest,1439,238360
06-07-2020,OCEANIA,Retail,null,Guest,2399708,63378896
06-07-2020,ASIA,Retail,F1,New,29087,918354
06-07-2020,SOUTH AMERICA,Shopify,null,Guest,1710,331218
06-07-2020,ASIA,Shopify,C3,New,242,37637
06-07-2020,OCEANIA,Retail,F2,New,82681,2740820
06-07-2020,USA,Retail,F1,New,11223,426852
06-07-2020,EUROPE,Shopify,C2,New,12,2169
06-07-2020,AFRICA,Retail,C2,New,57277,1761918
06-07-2020,ASIA,Retail,F3,New,81692,2554247
06-07-2020,USA,Shopify,F3,Existing,892,183866
06-07-2020,AFRICA,Retail,C3,New,108717,3797159
06-07-2020,AFRICA,Shopify,F3,New,85,13212
06-07-2020,ASIA,Retail,C4,Existing,112789,4963653
06-07-2020,AFRICA,Shopify,F1,Existing,2474,451177
06-07-2020,EUROPE,Retail,null,Guest,103378,3709096
06-07-2020,ASIA,Shopify,null,New,269,40809
06-07-2020,EUROPE,Shopify,F1,Existing,124,27063
06-07-2020,USA,Retail,null,Guest,539669,17021169
06-07-2020,EUROPE,Retail,null,Existing,3013,146709
06-07-2020,CANADA,Retail,F3,Existing,92060,5192225
06-07-2020,EUROPE,Retail,C1,New,4674,142232
06-07-2020,EUROPE,Retail,null,New,3230,145983
06-07-2020,SOUTH AMERICA,Retail,null,New,1292,46303
06-07-2020,SOUTH AMERICA,Shopify,F1,New,11,1745
06-07-2020,ASIA,Shopify,C4,New,33,4586
06-07-2020,EUROPE,Retail,F1,New,952,40385
06-07-2020,ASIA,Retail,C2,Existing,131835,5019969
06-07-2020,EUROPE,Shopify,C3,New,8,1596
06-07-2020,ASIA,Shopify,C1,New,211,24942
06-07-2020,OCEANIA,Retail,C3,Existing,342945,16524293
06-07-2020,EUROPE,Shopify,C3,Existing,160,53961
06-07-2020,SOUTH AMERICA,Retail,C1,Existing,3243,91728
06-07-2020,OCEANIA,Shopify,C1,Existing,2333,406081
06-07-2020,AFRICA,Retail,F2,New,63799,2344198
06-07-2020,OCEANIA,Shopify,C3,Existing,3895,796093
06-07-2020,SOUTH AMERICA,Retail,C2,New,927,27950
